e47f49d7-eee7-4ad8-b17b-4841805ac3a52026-02-09 19:46:56,672 - license_client - INFO - Загружен сохраненный HWID: CRAFT-B6DD50B6A9C5A349F55F
2026-02-09 19:46:56,731 - license_client - INFO - Инициализирован HWID: CRAFT-B6DD50B6A9C5A349F55F
2026-02-09 19:46:56,782 - license_client - INFO - Загружен сохраненный HWID: CRAFT-B6DD50B6A9C5A349F55F
2026-02-09 19:46:56,785 - license_client - INFO - Инициализирован HWID: CRAFT-B6DD50B6A9C5A349F55F
2026-02-09 19:47:02,769 - license_client - INFO - Регистрация ключа: e47f49d7...
2026-02-09 19:47:02,795 - license_client - INFO - Проверка лицензии e47f49d7... на HWID CRAFT-B6DD50B6A9C5A349F55F
2026-02-09 19:47:02,918 - license_client - INFO - Лицензия сохранена
2026-02-09 19:47:02,938 - license_client - INFO - Лицензия действительна
2026-02-09 19:47:02,942 - license_client - INFO - Лицензия успешно активирована
2026-02-09 19:47:27,288 - license_client - INFO - Загружен сохраненный HWID: CRAFT-B6DD50B6A9C5A349F55F
2026-02-09 19:47:27,353 - license_client - INFO - Инициализирован HWID: CRAFT-B6DD50B6A9C5A349F55F
2026-02-09 19:47:27,357 - license_client - INFO - Лицензия действительна до 2026-02-10 16:48:04.503768
2026-02-09 19:47:27,361 - license_client - INFO - Загружена лицензия: True
2026-02-09 19:51:08,931 - license_client - INFO - Загружен сохраненный HWID: CRAFT-B6DD50B6A9C5A349F55F
2026-02-09 19:51:08,987 - license_client - INFO - Инициализирован HWID: CRAFT-B6DD50B6A9C5A349F55F
2026-02-09 19:51:08,991 - license_client - INFO - Лицензия действительна до 2026-02-10 16:48:04.503768
2026-02-09 19:51:08,996 - license_client - INFO - Загружена лицензия: True
2026-02-09 19:51:09,430 - license_client - INFO - Запущена фоновая проверка лицензии
2026-02-09 19:52:09,433 - license_client - INFO - Проверка лицензии e47f49d7... на HWID CRAFT-B6DD50B6A9C5A349F55F
2026-02-09 19:52:09,604 - license_client - ERROR - Лицензия принудительно отключена
2026-02-09 19:52:09,609 - license_client - WARNING - Лицензия стала недействительной
2026-02-09 19:52:09,614 - license_client - INFO - Лицензия сохранена
2026-02-09 19:52:15,147 - license_client - INFO - Фоновая проверка остановлена
2026-02-09 19:52:20,946 - license_client - INFO - Загружен сохраненный HWID: CRAFT-B6DD50B6A9C5A349F55F
2026-02-09 19:52:21,006 - license_client - INFO - Инициализирован HWID: CRAFT-B6DD50B6A9C5A349F55F
2026-02-09 19:52:21,012 - license_client - INFO - Лицензия действительна до 2026-02-10 16:48:04.503768
2026-02-09 19:52:21,016 - license_client - INFO - Загружена лицензия: True
2026-02-09 19:52:21,461 - license_client - INFO - Запущена фоновая проверка лицензии
2026-02-09 19:53:21,476 - license_client - INFO - Проверка лицензии e47f49d7... на HWID CRAFT-B6DD50B6A9C5A349F55F
2026-02-09 19:53:21,607 - license_client - ERROR - Лицензия принудительно отключена
2026-02-09 19:53:21,619 - license_client - WARNING - Лицензия стала недействительной
2026-02-09 19:53:21,626 - license_client - INFO - Лицензия сохранена
2026-02-09 19:53:38,742 - license_client - INFO - Фоновая проверка остановлена
2026-02-09 19:54:21,632 - license_client - INFO - Проверка лицензии e47f49d7... на HWID CRAFT-B6DD50B6A9C5A349F55F
2026-02-09 19:54:21,795 - license_client - ERROR - Лицензия принудительно отключена
2026-02-09 19:54:21,812 - license_client - WARNING - Лицензия стала недействительной
2026-02-09 19:55:39,235 - license_client - INFO - Загружен сохраненный HWID: CRAFT-B6DD50B6A9C5A349F55F
2026-02-09 19:55:39,297 - license_client - INFO - Инициализирован HWID: CRAFT-B6DD50B6A9C5A349F55F
2026-02-09 19:55:39,302 - license_client - INFO - Лицензия действительна до 2026-02-10 16:48:04.503768
2026-02-09 19:55:39,308 - license_client - INFO - Загружена лицензия: True
2026-02-09 19:55:39,311 - license_client - INFO - Проверка лицензии e47f49d7... на HWID CRAFT-B6DD50B6A9C5A349F55F
2026-02-09 19:55:39,424 - license_client - ERROR - Лицензия принудительно отключена
2026-02-09 19:55:43,029 - license_client - INFO - Регистрация ключа: e47f49d7...
2026-02-09 19:55:43,040 - license_client - INFO - Проверка лицензии e47f49d7... на HWID CRAFT-B6DD50B6A9C5A349F55F
2026-02-09 19:55:43,156 - license_client - ERROR - Лицензия принудительно отключена
2026-02-09 19:55:43,174 - license_client - ERROR - Ошибка активации: Лицензия принудительно отключена
2026-02-09 19:55:43,999 - license_client - INFO - Регистрация ключа: e47f49d7...
2026-02-09 19:55:44,045 - license_client - INFO - Проверка лицензии e47f49d7... на HWID CRAFT-B6DD50B6A9C5A349F55F
2026-02-09 19:55:44,162 - license_client - ERROR - Лицензия принудительно отключена
2026-02-09 19:55:44,171 - license_client - ERROR - Ошибка активации: Лицензия принудительно отключена
2026-02-09 19:55:44,882 - license_client - INFO - Регистрация ключа: e47f49d7...
2026-02-09 19:55:44,917 - license_client - INFO - Проверка лицензии e47f49d7... на HWID CRAFT-B6DD50B6A9C5A349F55F
2026-02-09 19:55:45,642 - license_client - ERROR - Лицензия принудительно отключена
2026-02-09 19:55:45,666 - license_client - ERROR - Ошибка активации: Лицензия принудительно отключена
2026-02-09 19:55:54,837 - license_client - INFO - Регистрация ключа: e47f49d7...
2026-02-09 19:55:54,847 - license_client - INFO - Проверка лицензии e47f49d7... на HWID CRAFT-B6DD50B6A9C5A349F55F
2026-02-09 19:55:54,966 - license_client - INFO - Лицензия сохранена
2026-02-09 19:55:54,972 - license_client - INFO - Лицензия действительна
2026-02-09 19:55:54,977 - license_client - INFO - Лицензия успешно активирована
2026-02-09 19:55:56,593 - license_client - INFO - Запущена фоновая проверка лицензии
2026-02-09 19:56:08,552 - license_client - INFO - Фоновая проверка остановлена
2026-02-09 19:56:10,643 - license_client - INFO - Фоновая проверка остановлена
2026-02-09 19:56:56,607 - license_client - INFO - Проверка лицензии e47f49d7... на HWID CRAFT-B6DD50B6A9C5A349F55F
2026-02-09 19:56:56,743 - license_client - INFO - Лицензия сохранена
2026-02-09 19:56:56,749 - license_client - INFO - Лицензия действительна
2026-02-09 19:56:56,756 - license_client - INFO - Лицензия сохранена
2026-02-09 20:11:32,778 - license_client - INFO - Загружен сохраненный HWID: CRAFT-B6DD50B6A9C5A349F55F
2026-02-09 20:11:32,835 - license_client - INFO - Инициализирован HWID: CRAFT-B6DD50B6A9C5A349F55F
2026-02-09 20:11:32,840 - license_client - INFO - Лицензия действительна до 2026-02-10 16:48:04.503768
2026-02-09 20:11:32,844 - license_client - INFO - Загружена лицензия: True
2026-02-09 20:11:32,848 - license_client - INFO - Проверка лицензии e47f49d7... на HWID CRAFT-B6DD50B6A9C5A349F55F
2026-02-09 20:11:33,985 - license_client - INFO - Лицензия сохранена
2026-02-09 20:11:33,991 - license_client - INFO - Лицензия действительна
2026-02-09 20:11:34,432 - license_client - INFO - Запущена фоновая проверка лицензии
2026-02-09 20:11:44,937 - license_client - INFO - Фоновая проверка остановлена
2026-02-09 20:11:46,987 - license_client - INFO - Фоновая проверка остановлена
2026-02-09 20:12:34,445 - license_client - INFO - Проверка лицензии e47f49d7... на HWID CRAFT-B6DD50B6A9C5A349F55F
2026-02-09 20:12:34,619 - license_client - INFO - Лицензия сохранена
2026-02-09 20:12:34,622 - license_client - INFO - Лицензия действительна
2026-02-09 20:12:34,632 - license_client - INFO - Лицензия сохранена
2026-02-09 20:37:29,900 - license_client - INFO - Загружен сохраненный HWID: CRAFT-B6DD50B6A9C5A349F55F
2026-02-09 20:37:29,952 - license_client - INFO - Инициализирован HWID: CRAFT-B6DD50B6A9C5A349F55F
2026-02-09 20:37:29,955 - license_client - INFO - Лицензия действительна до 2026-02-10 16:48:04.503768
2026-02-09 20:37:29,959 - license_client - INFO - Загружена лицензия: True
2026-02-09 20:37:29,966 - license_client - INFO - Проверка лицензии e47f49d7... на HWID CRAFT-B6DD50B6A9C5A349F55F
2026-02-09 20:37:30,097 - license_client - INFO - Лицензия сохранена
2026-02-09 20:37:30,103 - license_client - INFO - Лицензия действительна
2026-02-09 20:37:30,550 - license_client - INFO - Запущена фоновая проверка лицензии
2026-02-09 20:38:30,557 - license_client - INFO - Проверка лицензии e47f49d7... на HWID CRAFT-B6DD50B6A9C5A349F55F
2026-02-09 20:38:31,724 - license_client - INFO - Лицензия сохранена
2026-02-09 20:38:31,763 - license_client - INFO - Лицензия действительна
2026-02-09 20:38:31,767 - license_client - INFO - Лицензия сохранена
2026-02-09 20:39:31,774 - license_client - INFO - Проверка лицензии e47f49d7... на HWID CRAFT-B6DD50B6A9C5A349F55F
2026-02-09 20:39:31,913 - license_client - INFO - Лицензия сохранена
2026-02-09 20:39:31,918 - license_client - INFO - Лицензия действительна
2026-02-09 20:39:31,925 - license_client - INFO - Лицензия сохранена
2026-02-09 20:40:31,936 - license_client - INFO - Проверка лицензии e47f49d7... на HWID CRAFT-B6DD50B6A9C5A349F55F
2026-02-09 20:40:32,059 - license_client - INFO - Лицензия сохранена
2026-02-09 20:40:32,063 - license_client - INFO - Лицензия действительна
2026-02-09 20:40:32,069 - license_client - INFO - Лицензия сохранена
2026-02-09 20:41:32,078 - license_client - INFO - Проверка лицензии e47f49d7... на HWID CRAFT-B6DD50B6A9C5A349F55F
2026-02-09 20:41:32,204 - license_client - INFO - Лицензия сохранена
2026-02-09 20:41:32,222 - license_client - INFO - Лицензия действительна
2026-02-09 20:41:32,225 - license_client - INFO - Лицензия сохранена
2026-02-09 20:41:44,910 - license_client - INFO - Загружен сохраненный HWID: CRAFT-B6DD50B6A9C5A349F55F
2026-02-09 20:41:44,963 - license_client - INFO - Инициализирован HWID: CRAFT-B6DD50B6A9C5A349F55F
2026-02-09 20:41:44,968 - license_client - INFO - Лицензия действительна до 2026-02-10 16:48:04.503768
2026-02-09 20:41:44,972 - license_client - INFO - Загружена лицензия: True
2026-02-09 20:41:44,977 - license_client - INFO - Проверка лицензии e47f49d7... на HWID CRAFT-B6DD50B6A9C5A349F55F
2026-02-09 20:41:45,152 - license_client - INFO - Лицензия сохранена
2026-02-09 20:41:45,157 - license_client - INFO - Лицензия действительна
2026-02-09 20:41:45,610 - license_client - INFO - Запущена фоновая проверка лицензии
2026-02-09 20:42:45,616 - license_client - INFO - Проверка лицензии e47f49d7... на HWID CRAFT-B6DD50B6A9C5A349F55F
2026-02-09 20:42:45,764 - license_client - INFO - Лицензия сохранена
2026-02-09 20:42:45,778 - license_client - INFO - Лицензия действительна
2026-02-09 20:42:45,781 - license_client - INFO - Лицензия сохранена
2026-02-09 20:43:45,787 - license_client - INFO - Проверка лицензии e47f49d7... на HWID CRAFT-B6DD50B6A9C5A349F55F
2026-02-09 20:43:45,904 - license_client - INFO - Лицензия сохранена
2026-02-09 20:43:45,912 - license_client - INFO - Лицензия действительна
2026-02-09 20:43:45,917 - license_client - INFO - Лицензия сохранена
2026-02-09 20:44:45,925 - license_client - INFO - Проверка лицензии e47f49d7... на HWID CRAFT-B6DD50B6A9C5A349F55F
2026-02-09 20:44:46,054 - license_client - INFO - Лицензия сохранена
2026-02-09 20:44:46,058 - license_client - INFO - Лицензия действительна
2026-02-09 20:44:46,067 - license_client - INFO - Лицензия сохранена
2026-02-09 20:45:46,073 - license_client - INFO - Проверка лицензии e47f49d7... на HWID CRAFT-B6DD50B6A9C5A349F55F
2026-02-09 20:45:46,279 - license_client - INFO - Лицензия сохранена
2026-02-09 20:45:46,287 - license_client - INFO - Лицензия действительна
2026-02-09 20:45:46,296 - license_client - INFO - Лицензия сохранена
2026-02-09 20:46:46,310 - license_client - INFO - Проверка лицензии e47f49d7... на HWID CRAFT-B6DD50B6A9C5A349F55F
2026-02-09 20:46:46,452 - license_client - INFO - Лицензия сохранена
2026-02-09 20:46:46,457 - license_client - INFO - Лицензия действительна
2026-02-09 20:46:46,466 - license_client - INFO - Лицензия сохранена
2026-02-09 20:47:46,471 - license_client - INFO - Проверка лицензии e47f49d7... на HWID CRAFT-B6DD50B6A9C5A349F55F
2026-02-09 20:47:46,606 - license_client - INFO - Лицензия сохранена
2026-02-09 20:47:46,614 - license_client - INFO - Лицензия действительна
2026-02-09 20:47:46,623 - license_client - INFO - Лицензия сохранена
2026-02-09 20:48:46,644 - license_client - INFO - Проверка лицензии e47f49d7... на HWID CRAFT-B6DD50B6A9C5A349F55F
2026-02-09 20:48:46,794 - license_client - INFO - Лицензия сохранена
2026-02-09 20:48:46,798 - license_client - INFO - Лицензия действительна
2026-02-09 20:48:46,806 - license_client - INFO - Лицензия сохранена
2026-02-09 20:49:46,821 - license_client - INFO - Проверка лицензии e47f49d7... на HWID CRAFT-B6DD50B6A9C5A349F55F
2026-02-09 20:49:46,954 - license_client - INFO - Лицензия сохранена
2026-02-09 20:49:46,969 - license_client - INFO - Лицензия действительна
2026-02-09 20:49:46,994 - license_client - INFO - Лицензия сохранена
2026-02-09 20:50:47,014 - license_client - INFO - Проверка лицензии e47f49d7... на HWID CRAFT-B6DD50B6A9C5A349F55F
2026-02-09 20:50:48,167 - license_client - INFO - Лицензия сохранена
2026-02-09 20:50:48,173 - license_client - INFO - Лицензия действительна
2026-02-09 20:50:48,179 - license_client - INFO - Лицензия сохранена
2026-02-09 20:51:48,193 - license_client - INFO - Проверка лицензии e47f49d7... на HWID CRAFT-B6DD50B6A9C5A349F55F
2026-02-09 20:51:48,313 - license_client - INFO - Лицензия сохранена
2026-02-09 20:51:48,323 - license_client - INFO - Лицензия действительна
2026-02-09 20:51:48,327 - license_client - INFO - Лицензия сохранена
2026-02-09 20:52:48,343 - license_client - INFO - Проверка лицензии e47f49d7... на HWID CRAFT-B6DD50B6A9C5A349F55F
2026-02-09 20:52:48,483 - license_client - INFO - Лицензия сохранена
2026-02-09 20:52:48,493 - license_client - INFO - Лицензия действительна
2026-02-09 20:52:48,501 - license_client - INFO - Лицензия сохранена
2026-02-09 20:53:48,510 - license_client - INFO - Проверка лицензии e47f49d7... на HWID CRAFT-B6DD50B6A9C5A349F55F
2026-02-09 20:53:48,636 - license_client - INFO - Лицензия сохранена
2026-02-09 20:53:48,641 - license_client - INFO - Лицензия действительна
2026-02-09 20:53:48,648 - license_client - INFO - Лицензия сохранена
2026-02-09 20:54:48,666 - license_client - INFO - Проверка лицензии e47f49d7... на HWID CRAFT-B6DD50B6A9C5A349F55F
2026-02-09 20:54:49,843 - license_client - INFO - Лицензия сохранена
2026-02-09 20:54:49,851 - license_client - INFO - Лицензия действительна
2026-02-09 20:54:49,858 - license_client - INFO - Лицензия сохранена
2026-02-09 20:55:49,866 - license_client - INFO - Проверка лицензии e47f49d7... на HWID CRAFT-B6DD50B6A9C5A349F55F
2026-02-09 20:55:51,089 - license_client - INFO - Лицензия сохранена
2026-02-09 20:55:51,094 - license_client - INFO - Лицензия действительна
2026-02-09 20:55:51,100 - license_client - INFO - Лицензия сохранена
2026-02-09 20:56:51,105 - license_client - INFO - Проверка лицензии e47f49d7... на HWID CRAFT-B6DD50B6A9C5A349F55F
2026-02-09 20:56:51,256 - license_client - INFO - Лицензия сохранена
2026-02-09 20:56:51,261 - license_client - INFO - Лицензия действительна
2026-02-09 20:56:51,267 - license_client - INFO - Лицензия сохранена
2026-02-09 20:57:51,277 - license_client - INFO - Проверка лицензии e47f49d7... на HWID CRAFT-B6DD50B6A9C5A349F55F
2026-02-09 20:57:51,456 - license_client - INFO - Лицензия сохранена
2026-02-09 20:57:51,461 - license_client - INFO - Лицензия действительна
2026-02-09 20:57:51,521 - license_client - INFO - Лицензия сохранена
2026-02-09 20:58:51,529 - license_client - INFO - Проверка лицензии e47f49d7... на HWID CRAFT-B6DD50B6A9C5A349F55F
2026-02-09 20:58:51,699 - license_client - INFO - Лицензия сохранена
2026-02-09 20:58:51,703 - license_client - INFO - Лицензия действительна
2026-02-09 20:58:51,710 - license_client - INFO - Лицензия сохранена
2026-02-09 20:59:51,722 - license_client - INFO - Проверка лицензии e47f49d7... на HWID CRAFT-B6DD50B6A9C5A349F55F
2026-02-09 20:59:51,846 - license_client - INFO - Лицензия сохранена
2026-02-09 20:59:51,851 - license_client - INFO - Лицензия действительна
2026-02-09 20:59:51,858 - license_client - INFO - Лицензия сохранена
2026-02-09 21:00:51,876 - license_client - INFO - Проверка лицензии e47f49d7... на HWID CRAFT-B6DD50B6A9C5A349F55F
2026-02-09 21:00:52,065 - license_client - INFO - Лицензия сохранена
2026-02-09 21:00:52,071 - license_client - INFO - Лицензия действительна
2026-02-09 21:00:52,077 - license_client - INFO - Лицензия сохранена
2026-02-09 21:01:52,088 - license_client - INFO - Проверка лицензии e47f49d7... на HWID CRAFT-B6DD50B6A9C5A349F55F
2026-02-09 21:01:53,276 - license_client - INFO - Лицензия сохранена
2026-02-09 21:01:53,281 - license_client - INFO - Лицензия действительна
2026-02-09 21:01:53,288 - license_client - INFO - Лицензия сохранена
2026-02-09 21:02:53,296 - license_client - INFO - Проверка лицензии e47f49d7... на HWID CRAFT-B6DD50B6A9C5A349F55F
2026-02-09 21:02:53,407 - license_client - INFO - Лицензия сохранена
2026-02-09 21:02:53,426 - license_client - INFO - Лицензия действительна
2026-02-09 21:02:53,431 - license_client - INFO - Лицензия сохранена
2026-02-09 21:03:53,437 - license_client - INFO - Проверка лицензии e47f49d7... на HWID CRAFT-B6DD50B6A9C5A349F55F
2026-02-09 21:03:53,569 - license_client - INFO - Лицензия сохранена
2026-02-09 21:03:53,576 - license_client - INFO - Лицензия действительна
2026-02-09 21:03:53,581 - license_client - INFO - Лицензия сохранена
2026-02-09 21:04:53,587 - license_client - INFO - Проверка лицензии e47f49d7... на HWID CRAFT-B6DD50B6A9C5A349F55F
2026-02-09 21:04:53,711 - license_client - INFO - Лицензия сохранена
2026-02-09 21:04:53,720 - license_client - INFO - Лицензия действительна
2026-02-09 21:04:53,729 - license_client - INFO - Лицензия сохранена
2026-02-09 21:05:53,752 - license_client - INFO - Проверка лицензии e47f49d7... на HWID CRAFT-B6DD50B6A9C5A349F55F
2026-02-09 21:05:53,929 - license_client - INFO - Лицензия сохранена
2026-02-09 21:05:53,941 - license_client - INFO - Лицензия действительна
2026-02-09 21:05:53,953 - license_client - INFO - Лицензия сохранена
2026-02-09 21:06:53,977 - license_client - INFO - Проверка лицензии e47f49d7... на HWID CRAFT-B6DD50B6A9C5A349F55F
2026-02-09 21:06:54,155 - license_client - INFO - Лицензия сохранена
2026-02-09 21:06:54,160 - license_client - INFO - Лицензия действительна
2026-02-09 21:06:54,168 - license_client - INFO - Лицензия сохранена
2026-02-09 21:07:54,182 - license_client - INFO - Проверка лицензии e47f49d7... на HWID CRAFT-B6DD50B6A9C5A349F55F
2026-02-09 21:07:54,341 - license_client - INFO - Лицензия сохранена
2026-02-09 21:07:54,344 - license_client - INFO - Лицензия действительна
2026-02-09 21:07:54,351 - license_client - INFO - Лицензия сохранена
2026-02-09 21:08:54,371 - license_client - INFO - Проверка лицензии e47f49d7... на HWID CRAFT-B6DD50B6A9C5A349F55F
2026-02-09 21:08:54,509 - license_client - INFO - Лицензия сохранена
2026-02-09 21:08:54,514 - license_client - INFO - Лицензия действительна
2026-02-09 21:08:54,522 - license_client - INFO - Лицензия сохранена
2026-02-09 21:09:54,542 - license_client - INFO - Проверка лицензии e47f49d7... на HWID CRAFT-B6DD50B6A9C5A349F55F
2026-02-09 21:09:54,668 - license_client - INFO - Лицензия сохранена
2026-02-09 21:09:54,675 - license_client - INFO - Лицензия действительна
2026-02-09 21:09:54,679 - license_client - INFO - Лицензия сохранена
2026-02-09 21:10:54,696 - license_client - INFO - Проверка лицензии e47f49d7... на HWID CRAFT-B6DD50B6A9C5A349F55F
2026-02-09 21:10:54,819 - license_client - INFO - Лицензия сохранена
2026-02-09 21:10:54,823 - license_client - INFO - Лицензия действительна
2026-02-09 21:10:54,830 - license_client - INFO - Лицензия сохранена
2026-02-09 21:11:54,844 - license_client - INFO - Проверка лицензии e47f49d7... на HWID CRAFT-B6DD50B6A9C5A349F55F
2026-02-09 21:11:55,308 - license_client - INFO - Лицензия сохранена
2026-02-09 21:11:55,341 - license_client - INFO - Лицензия действительна
2026-02-09 21:11:55,347 - license_client - INFO - Лицензия сохранена
2026-02-09 21:12:55,363 - license_client - INFO - Проверка лицензии e47f49d7... на HWID CRAFT-B6DD50B6A9C5A349F55F
2026-02-09 21:12:55,492 - license_client - INFO - Лицензия сохранена
2026-02-09 21:12:55,497 - license_client - INFO - Лицензия действительна
2026-02-09 21:12:55,507 - license_client - INFO - Лицензия сохранена
2026-02-09 21:13:55,525 - license_client - INFO - Проверка лицензии e47f49d7... на HWID CRAFT-B6DD50B6A9C5A349F55F
2026-02-09 21:13:55,693 - license_client - INFO - Лицензия сохранена
2026-02-09 21:13:55,698 - license_client - INFO - Лицензия действительна
2026-02-09 21:13:55,705 - license_client - INFO - Лицензия сохранена
2026-02-09 21:14:55,717 - license_client - INFO - Проверка лицензии e47f49d7... на HWID CRAFT-B6DD50B6A9C5A349F55F
2026-02-09 21:14:55,878 - license_client - INFO - Лицензия сохранена
2026-02-09 21:14:55,883 - license_client - INFO - Лицензия действительна
2026-02-09 21:14:55,891 - license_client - INFO - Лицензия сохранена
2026-02-09 21:15:55,898 - license_client - INFO - Проверка лицензии e47f49d7... на HWID CRAFT-B6DD50B6A9C5A349F55F
2026-02-09 21:15:56,046 - license_client - INFO - Лицензия сохранена
2026-02-09 21:15:56,061 - license_client - INFO - Лицензия действительна
2026-02-09 21:15:56,071 - license_client - INFO - Лицензия сохранена
2026-02-09 21:16:56,091 - license_client - INFO - Проверка лицензии e47f49d7... на HWID CRAFT-B6DD50B6A9C5A349F55F
2026-02-09 21:16:56,231 - license_client - INFO - Лицензия сохранена
2026-02-09 21:16:56,239 - license_client - INFO - Лицензия действительна
2026-02-09 21:16:56,247 - license_client - INFO - Лицензия сохранена
2026-02-09 21:17:56,270 - license_client - INFO - Проверка лицензии e47f49d7... на HWID CRAFT-B6DD50B6A9C5A349F55F
2026-02-09 21:17:56,416 - license_client - INFO - Лицензия сохранена
2026-02-09 21:17:56,423 - license_client - INFO - Лицензия действительна
2026-02-09 21:17:56,429 - license_client - INFO - Лицензия сохранена
2026-02-09 21:18:56,456 - license_client - INFO - Проверка лицензии e47f49d7... на HWID CRAFT-B6DD50B6A9C5A349F55F
2026-02-09 21:18:56,617 - license_client - INFO - Лицензия сохранена
2026-02-09 21:18:56,622 - license_client - INFO - Лицензия действительна
2026-02-09 21:18:56,629 - license_client - INFO - Лицензия сохранена
2026-02-09 21:19:56,642 - license_client - INFO - Проверка лицензии e47f49d7... на HWID CRAFT-B6DD50B6A9C5A349F55F
2026-02-09 21:19:56,793 - license_client - INFO - Лицензия сохранена
2026-02-09 21:19:56,798 - license_client - INFO - Лицензия действительна
2026-02-09 21:19:56,804 - license_client - INFO - Лицензия сохранена
2026-02-09 21:20:56,821 - license_client - INFO - Проверка лицензии e47f49d7... на HWID CRAFT-B6DD50B6A9C5A349F55F
2026-02-09 21:20:57,035 - license_client - INFO - Лицензия сохранена
2026-02-09 21:20:57,040 - license_client - INFO - Лицензия действительна
2026-02-09 21:20:57,046 - license_client - INFO - Лицензия сохранена
2026-02-09 21:21:57,053 - license_client - INFO - Проверка лицензии e47f49d7... на HWID CRAFT-B6DD50B6A9C5A349F55F
2026-02-09 21:21:57,179 - license_client - INFO - Лицензия сохранена
2026-02-09 21:21:57,183 - license_client - INFO - Лицензия действительна
2026-02-09 21:21:57,190 - license_client - INFO - Лицензия сохранена
2026-02-09 21:22:57,209 - license_client - INFO - Проверка лицензии e47f49d7... на HWID CRAFT-B6DD50B6A9C5A349F55F
2026-02-09 21:22:57,335 - license_client - INFO - Лицензия сохранена
2026-02-09 21:22:57,344 - license_client - INFO - Лицензия действительна
2026-02-09 21:22:57,352 - license_client - INFO - Лицензия сохранена
2026-02-09 21:23:57,365 - license_client - INFO - Проверка лицензии e47f49d7... на HWID CRAFT-B6DD50B6A9C5A349F55F
2026-02-09 21:23:57,487 - license_client - INFO - Лицензия сохранена
2026-02-09 21:23:57,493 - license_client - INFO - Лицензия действительна
2026-02-09 21:23:57,499 - license_client - INFO - Лицензия сохранена
2026-02-09 21:24:57,513 - license_client - INFO - Проверка лицензии e47f49d7... на HWID CRAFT-B6DD50B6A9C5A349F55F
2026-02-09 21:24:57,930 - license_client - INFO - Лицензия сохранена
2026-02-09 21:24:57,935 - license_client - INFO - Лицензия действительна
2026-02-09 21:24:57,947 - license_client - INFO - Лицензия сохранена
2026-02-09 21:25:57,966 - license_client - INFO - Проверка лицензии e47f49d7... на HWID CRAFT-B6DD50B6A9C5A349F55F
2026-02-09 21:25:58,097 - license_client - INFO - Лицензия сохранена
2026-02-09 21:25:58,102 - license_client - INFO - Лицензия действительна
2026-02-09 21:25:58,108 - license_client - INFO - Лицензия сохранена
2026-02-09 21:26:58,125 - license_client - INFO - Проверка лицензии e47f49d7... на HWID CRAFT-B6DD50B6A9C5A349F55F
2026-02-09 21:26:58,313 - license_client - INFO - Лицензия сохранена
2026-02-09 21:26:58,318 - license_client - INFO - Лицензия действительна
2026-02-09 21:26:58,324 - license_client - INFO - Лицензия сохранена
2026-02-09 21:27:58,334 - license_client - INFO - Проверка лицензии e47f49d7... на HWID CRAFT-B6DD50B6A9C5A349F55F
2026-02-09 21:27:58,481 - license_client - INFO - Лицензия сохранена
2026-02-09 21:27:58,484 - license_client - INFO - Лицензия действительна
2026-02-09 21:27:58,492 - license_client - INFO - Лицензия сохранена
2026-02-09 21:29:00,237 - license_client - INFO - Проверка лицензии e47f49d7... на HWID CRAFT-B6DD50B6A9C5A349F55F
2026-02-09 21:29:00,367 - license_client - INFO - Лицензия сохранена
2026-02-09 21:29:00,372 - license_client - INFO - Лицензия действительна
2026-02-09 21:29:00,379 - license_client - INFO - Лицензия сохранена
2026-02-09 21:30:00,401 - license_client - INFO - Проверка лицензии e47f49d7... на HWID CRAFT-B6DD50B6A9C5A349F55F
2026-02-09 21:30:00,573 - license_client - INFO - Лицензия сохранена
2026-02-09 21:30:00,594 - license_client - INFO - Лицензия действительна
2026-02-09 21:30:00,602 - license_client - INFO - Лицензия сохранена
2026-02-09 21:31:00,614 - license_client - INFO - Проверка лицензии e47f49d7... на HWID CRAFT-B6DD50B6A9C5A349F55F
2026-02-09 21:31:00,789 - license_client - INFO - Лицензия сохранена
2026-02-09 21:31:00,794 - license_client - INFO - Лицензия действительна
2026-02-09 21:31:00,801 - license_client - INFO - Лицензия сохранена
2026-02-09 21:32:00,812 - license_client - INFO - Проверка лицензии e47f49d7... на HWID CRAFT-B6DD50B6A9C5A349F55F
2026-02-09 21:32:00,999 - license_client - INFO - Лицензия сохранена
2026-02-09 21:32:01,004 - license_client - INFO - Лицензия действительна
2026-02-09 21:32:01,021 - license_client - INFO - Лицензия сохранена
2026-02-09 21:33:01,026 - license_client - INFO - Проверка лицензии e47f49d7... на HWID CRAFT-B6DD50B6A9C5A349F55F
2026-02-09 21:33:01,173 - license_client - INFO - Лицензия сохранена
2026-02-09 21:33:01,190 - license_client - INFO - Лицензия действительна
2026-02-09 21:33:01,198 - license_client - INFO - Лицензия сохранена
2026-02-09 21:34:01,206 - license_client - INFO - Проверка лицензии e47f49d7... на HWID CRAFT-B6DD50B6A9C5A349F55F
2026-02-09 21:34:01,371 - license_client - INFO - Лицензия сохранена
2026-02-09 21:34:01,375 - license_client - INFO - Лицензия действительна
2026-02-09 21:34:01,382 - license_client - INFO - Лицензия сохранена
2026-02-09 21:35:01,391 - license_client - INFO - Проверка лицензии e47f49d7... на HWID CRAFT-B6DD50B6A9C5A349F55F
2026-02-09 21:35:01,509 - license_client - INFO - Лицензия сохранена
2026-02-09 21:35:01,519 - license_client - INFO - Лицензия действительна
2026-02-09 21:35:01,527 - license_client - INFO - Лицензия сохранена
2026-02-09 21:36:01,538 - license_client - INFO - Проверка лицензии e47f49d7... на HWID CRAFT-B6DD50B6A9C5A349F55F
2026-02-09 21:36:01,670 - license_client - INFO - Лицензия сохранена
2026-02-09 21:36:01,676 - license_client - INFO - Лицензия действительна
2026-02-09 21:36:01,686 - license_client - INFO - Лицензия сохранена
2026-02-09 21:36:25,664 - license_client - INFO - Фоновая проверка остановлена
2026-02-09 21:36:27,690 - license_client - INFO - Фоновая проверка остановлена
2026-02-09 21:37:01,696 - license_client - INFO - Проверка лицензии e47f49d7... на HWID CRAFT-B6DD50B6A9C5A349F55F
2026-02-09 21:37:01,828 - license_client - INFO - Лицензия сохранена
2026-02-09 21:37:01,834 - license_client - INFO - Лицензия действительна
2026-02-09 21:37:01,840 - license_client - INFO - Лицензия сохранена
2026-02-09 22:22:44,388 - license_client - INFO - Загружен сохраненный HWID: CRAFT-B6DD50B6A9C5A349F55F
2026-02-09 22:22:44,438 - license_client - INFO - Инициализирован HWID: CRAFT-B6DD50B6A9C5A349F55F
2026-02-09 22:22:44,445 - license_client - INFO - Лицензия действительна до 2026-02-10 16:48:04.503768
2026-02-09 22:22:44,451 - license_client - INFO - Загружена лицензия: True
2026-02-09 22:22:44,457 - license_client - INFO - Проверка лицензии e47f49d7... на HWID CRAFT-B6DD50B6A9C5A349F55F
2026-02-09 22:22:44,575 - license_client - INFO - Лицензия сохранена
2026-02-09 22:22:44,592 - license_client - INFO - Лицензия действительна
2026-02-09 22:22:45,179 - license_client - INFO - Запущена фоновая проверка лицензии
2026-02-09 22:23:45,195 - license_client - INFO - Проверка лицензии e47f49d7... на HWID CRAFT-B6DD50B6A9C5A349F55F
2026-02-09 22:23:45,339 - license_client - INFO - Лицензия сохранена
2026-02-09 22:23:45,343 - license_client - INFO - Лицензия действительна
2026-02-09 22:23:45,352 - license_client - INFO - Лицензия сохранена
2026-02-09 22:24:45,358 - license_client - INFO - Проверка лицензии e47f49d7... на HWID CRAFT-B6DD50B6A9C5A349F55F
2026-02-09 22:24:45,529 - license_client - INFO - Лицензия сохранена
2026-02-09 22:24:45,549 - license_client - INFO - Лицензия действительна
2026-02-09 22:24:45,551 - license_client - INFO - Лицензия сохранена
2026-02-09 22:25:45,557 - license_client - INFO - Проверка лицензии e47f49d7... на HWID CRAFT-B6DD50B6A9C5A349F55F
2026-02-09 22:25:45,718 - license_client - INFO - Лицензия сохранена
2026-02-09 22:25:45,731 - license_client - INFO - Лицензия действительна
2026-02-09 22:25:45,735 - license_client - INFO - Лицензия сохранена
2026-02-09 22:26:45,743 - license_client - INFO - Проверка лицензии e47f49d7... на HWID CRAFT-B6DD50B6A9C5A349F55F
2026-02-09 22:26:45,853 - license_client - INFO - Лицензия сохранена
2026-02-09 22:26:45,873 - license_client - INFO - Лицензия действительна
2026-02-09 22:26:45,880 - license_client - INFO - Лицензия сохранена
2026-02-09 22:27:45,895 - license_client - INFO - Проверка лицензии e47f49d7... на HWID CRAFT-B6DD50B6A9C5A349F55F
2026-02-09 22:27:46,020 - license_client - INFO - Лицензия сохранена
2026-02-09 22:27:46,027 - license_client - INFO - Лицензия действительна
2026-02-09 22:27:46,032 - license_client - INFO - Лицензия сохранена
2026-02-09 22:28:46,041 - license_client - INFO - Проверка лицензии e47f49d7... на HWID CRAFT-B6DD50B6A9C5A349F55F
2026-02-09 22:28:46,606 - license_client - INFO - Лицензия сохранена
2026-02-09 22:28:46,666 - license_client - INFO - Лицензия действительна
2026-02-09 22:28:46,674 - license_client - INFO - Лицензия сохранена
2026-02-09 22:28:56,985 - license_client - INFO - Загружен сохраненный HWID: CRAFT-B6DD50B6A9C5A349F55F
2026-02-09 22:28:57,042 - license_client - INFO - Инициализирован HWID: CRAFT-B6DD50B6A9C5A349F55F
2026-02-09 22:28:57,046 - license_client - INFO - Лицензия действительна до 2026-02-10 16:48:04.503768
2026-02-09 22:28:57,051 - license_client - INFO - Загружена лицензия: True
2026-02-09 22:28:57,055 - license_client - INFO - Проверка лицензии e47f49d7... на HWID CRAFT-B6DD50B6A9C5A349F55F
2026-02-09 22:28:57,176 - license_client - INFO - Лицензия сохранена
2026-02-09 22:28:57,182 - license_client - INFO - Лицензия действительна
2026-02-09 22:28:57,636 - license_client - INFO - Запущена фоновая проверка лицензии
2026-02-09 22:29:57,662 - license_client - INFO - Проверка лицензии e47f49d7... на HWID CRAFT-B6DD50B6A9C5A349F55F
2026-02-09 22:29:57,809 - license_client - INFO - Лицензия сохранена
2026-02-09 22:29:57,812 - license_client - INFO - Лицензия действительна
2026-02-09 22:29:57,821 - license_client - INFO - Лицензия сохранена
2026-02-09 22:30:57,838 - license_client - INFO - Проверка лицензии e47f49d7... на HWID CRAFT-B6DD50B6A9C5A349F55F
2026-02-09 22:30:57,970 - license_client - INFO - Лицензия сохранена
2026-02-09 22:30:57,980 - license_client - INFO - Лицензия действительна
2026-02-09 22:30:57,984 - license_client - INFO - Лицензия сохранена
2026-02-09 22:31:58,001 - license_client - INFO - Проверка лицензии e47f49d7... на HWID CRAFT-B6DD50B6A9C5A349F55F
2026-02-09 22:31:58,262 - license_client - INFO - Лицензия сохранена
2026-02-09 22:31:58,292 - license_client - INFO - Лицензия действительна
2026-02-09 22:31:58,309 - license_client - INFO - Лицензия сохранена
2026-02-09 22:32:58,326 - license_client - INFO - Проверка лицензии e47f49d7... на HWID CRAFT-B6DD50B6A9C5A349F55F
2026-02-09 22:32:58,444 - license_client - INFO - Лицензия сохранена
2026-02-09 22:32:58,450 - license_client - INFO - Лицензия действительна
2026-02-09 22:32:58,457 - license_client - INFO - Лицензия сохранена
2026-02-09 22:33:58,473 - license_client - INFO - Проверка лицензии e47f49d7... на HWID CRAFT-B6DD50B6A9C5A349F55F
2026-02-09 22:33:59,592 - license_client - INFO - Лицензия сохранена
2026-02-09 22:33:59,598 - license_client - INFO - Лицензия действительна
2026-02-09 22:33:59,605 - license_client - INFO - Лицензия сохранена
2026-02-09 22:34:59,620 - license_client - INFO - Проверка лицензии e47f49d7... на HWID CRAFT-B6DD50B6A9C5A349F55F
2026-02-09 22:34:59,768 - license_client - INFO - Лицензия сохранена
2026-02-09 22:34:59,771 - license_client - INFO - Лицензия действительна
2026-02-09 22:34:59,778 - license_client - INFO - Лицензия сохранена
2026-02-09 22:35:59,784 - license_client - INFO - Проверка лицензии e47f49d7... на HWID CRAFT-B6DD50B6A9C5A349F55F
2026-02-09 22:35:59,893 - license_client - INFO - Лицензия сохранена
2026-02-09 22:35:59,905 - license_client - INFO - Лицензия действительна
2026-02-09 22:35:59,909 - license_client - INFO - Лицензия сохранена
2026-02-09 22:36:51,611 - license_client - INFO - Загружен сохраненный HWID: CRAFT-B6DD50B6A9C5A349F55F
2026-02-09 22:36:51,666 - license_client - INFO - Инициализирован HWID: CRAFT-B6DD50B6A9C5A349F55F
2026-02-09 22:36:51,671 - license_client - INFO - Лицензия действительна до 2026-02-10 16:48:04.503768
2026-02-09 22:36:51,675 - license_client - INFO - Загружена лицензия: True
2026-02-09 22:36:51,681 - license_client - INFO - Проверка лицензии e47f49d7... на HWID CRAFT-B6DD50B6A9C5A349F55F
2026-02-09 22:36:51,799 - license_client - INFO - Лицензия сохранена
2026-02-09 22:36:51,813 - license_client - INFO - Лицензия действительна
2026-02-09 22:36:52,239 - license_client - INFO - Запущена фоновая проверка лицензии
2026-02-09 22:37:52,246 - license_client - INFO - Проверка лицензии e47f49d7... на HWID CRAFT-B6DD50B6A9C5A349F55F
2026-02-09 22:37:53,382 - license_client - INFO - Лицензия сохранена
2026-02-09 22:37:53,387 - license_client - INFO - Лицензия действительна
2026-02-09 22:37:53,393 - license_client - INFO - Лицензия сохранена
2026-02-09 22:38:53,406 - license_client - INFO - Проверка лицензии e47f49d7... на HWID CRAFT-B6DD50B6A9C5A349F55F
2026-02-09 22:38:53,594 - license_client - INFO - Лицензия сохранена
2026-02-09 22:38:53,598 - license_client - INFO - Лицензия действительна
2026-02-09 22:38:53,603 - license_client - INFO - Лицензия сохранена
2026-02-09 22:39:53,618 - license_client - INFO - Проверка лицензии e47f49d7... на HWID CRAFT-B6DD50B6A9C5A349F55F
2026-02-09 22:39:53,775 - license_client - INFO - Лицензия сохранена
2026-02-09 22:39:53,780 - license_client - INFO - Лицензия действительна
2026-02-09 22:39:53,787 - license_client - INFO - Лицензия сохранена
2026-02-09 22:40:53,805 - license_client - INFO - Проверка лицензии e47f49d7... на HWID CRAFT-B6DD50B6A9C5A349F55F
2026-02-09 22:40:53,951 - license_client - INFO - Лицензия сохранена
2026-02-09 22:40:53,955 - license_client - INFO - Лицензия действительна
2026-02-09 22:40:53,962 - license_client - INFO - Лицензия сохранена
2026-02-09 22:41:53,973 - license_client - INFO - Проверка лицензии e47f49d7... на HWID CRAFT-B6DD50B6A9C5A349F55F
2026-02-09 22:41:54,150 - license_client - INFO - Лицензия сохранена
2026-02-09 22:41:54,156 - license_client - INFO - Лицензия действительна
2026-02-09 22:41:54,167 - license_client - INFO - Лицензия сохранена
2026-02-09 22:42:54,181 - license_client - INFO - Проверка лицензии e47f49d7... на HWID CRAFT-B6DD50B6A9C5A349F55F
2026-02-09 22:42:54,360 - license_client - INFO - Лицензия сохранена
2026-02-09 22:42:54,365 - license_client - INFO - Лицензия действительна
2026-02-09 22:42:54,372 - license_client - INFO - Лицензия сохранена
2026-02-09 22:43:54,388 - license_client - INFO - Проверка лицензии e47f49d7... на HWID CRAFT-B6DD50B6A9C5A349F55F
2026-02-09 22:43:54,510 - license_client - INFO - Лицензия сохранена
2026-02-09 22:43:54,515 - license_client - INFO - Лицензия действительна
2026-02-09 22:43:54,522 - license_client - INFO - Лицензия сохранена
2026-02-09 22:44:54,527 - license_client - INFO - Проверка лицензии e47f49d7... на HWID CRAFT-B6DD50B6A9C5A349F55F
2026-02-09 22:44:54,730 - license_client - INFO - Лицензия сохранена
2026-02-09 22:44:54,735 - license_client - INFO - Лицензия действительна
2026-02-09 22:44:54,744 - license_client - INFO - Лицензия сохранена
2026-02-09 22:45:54,755 - license_client - INFO - Проверка лицензии e47f49d7... на HWID CRAFT-B6DD50B6A9C5A349F55F
2026-02-09 22:45:54,965 - license_client - INFO - Лицензия сохранена
2026-02-09 22:45:54,969 - license_client - INFO - Лицензия действительна
2026-02-09 22:45:54,976 - license_client - INFO - Лицензия сохранена
2026-02-09 22:46:54,994 - license_client - INFO - Проверка лицензии e47f49d7... на HWID CRAFT-B6DD50B6A9C5A349F55F
2026-02-09 22:46:55,516 - license_client - INFO - Лицензия сохранена
2026-02-09 22:46:55,523 - license_client - INFO - Лицензия действительна
2026-02-09 22:46:55,528 - license_client - INFO - Лицензия сохранена
2026-02-09 22:47:55,545 - license_client - INFO - Проверка лицензии e47f49d7... на HWID CRAFT-B6DD50B6A9C5A349F55F
2026-02-09 22:47:55,684 - license_client - INFO - Лицензия сохранена
2026-02-09 22:47:55,689 - license_client - INFO - Лицензия действительна
2026-02-09 22:47:55,695 - license_client - INFO - Лицензия сохранена
2026-02-09 22:48:55,705 - license_client - INFO - Проверка лицензии e47f49d7... на HWID CRAFT-B6DD50B6A9C5A349F55F
2026-02-09 22:48:55,830 - license_client - INFO - Лицензия сохранена
2026-02-09 22:48:55,835 - license_client - INFO - Лицензия действительна
2026-02-09 22:48:55,840 - license_client - INFO - Лицензия сохранена
2026-02-09 22:49:55,854 - license_client - INFO - Проверка лицензии e47f49d7... на HWID CRAFT-B6DD50B6A9C5A349F55F
2026-02-09 22:49:56,023 - license_client - INFO - Лицензия сохранена
2026-02-09 22:49:56,029 - license_client - INFO - Лицензия действительна
2026-02-09 22:49:56,035 - license_client - INFO - Лицензия сохранена
2026-02-09 22:50:56,047 - license_client - INFO - Проверка лицензии e47f49d7... на HWID CRAFT-B6DD50B6A9C5A349F55F
2026-02-09 22:50:56,177 - license_client - INFO - Лицензия сохранена
2026-02-09 22:50:56,181 - license_client - INFO - Лицензия действительна
2026-02-09 22:50:56,187 - license_client - INFO - Лицензия сохранена
2026-02-09 22:51:56,197 - license_client - INFO - Проверка лицензии e47f49d7... на HWID CRAFT-B6DD50B6A9C5A349F55F
2026-02-09 22:51:56,308 - license_client - INFO - Лицензия сохранена
2026-02-09 22:51:56,325 - license_client - INFO - Лицензия действительна
2026-02-09 22:51:56,331 - license_client - INFO - Лицензия сохранена
2026-02-09 22:52:56,339 - license_client - INFO - Проверка лицензии e47f49d7... на HWID CRAFT-B6DD50B6A9C5A349F55F
2026-02-09 22:52:56,476 - license_client - INFO - Лицензия сохранена
2026-02-09 22:52:56,480 - license_client - INFO - Лицензия действительна
2026-02-09 22:52:56,485 - license_client - INFO - Лицензия сохранена
2026-02-09 22:53:56,495 - license_client - INFO - Проверка лицензии e47f49d7... на HWID CRAFT-B6DD50B6A9C5A349F55F
2026-02-09 22:53:56,629 - license_client - INFO - Лицензия сохранена
2026-02-09 22:53:56,634 - license_client - INFO - Лицензия действительна
2026-02-09 22:53:56,641 - license_client - INFO - Лицензия сохранена
2026-02-09 22:54:56,660 - license_client - INFO - Проверка лицензии e47f49d7... на HWID CRAFT-B6DD50B6A9C5A349F55F
2026-02-09 22:54:56,819 - license_client - INFO - Лицензия сохранена
2026-02-09 22:54:56,824 - license_client - INFO - Лицензия действительна
2026-02-09 22:54:56,829 - license_client - INFO - Лицензия сохранена
2026-02-09 22:55:56,841 - license_client - INFO - Проверка лицензии e47f49d7... на HWID CRAFT-B6DD50B6A9C5A349F55F
2026-02-09 22:55:57,563 - license_client - INFO - Лицензия сохранена
2026-02-09 22:55:57,594 - license_client - INFO - Лицензия действительна
2026-02-09 22:55:57,599 - license_client - INFO - Лицензия сохранена
2026-02-09 22:56:57,605 - license_client - INFO - Проверка лицензии e47f49d7... на HWID CRAFT-B6DD50B6A9C5A349F55F
2026-02-09 22:56:57,726 - license_client - INFO - Лицензия сохранена
2026-02-09 22:56:57,731 - license_client - INFO - Лицензия действительна
2026-02-09 22:56:57,737 - license_client - INFO - Лицензия сохранена
2026-02-09 22:57:57,753 - license_client - INFO - Проверка лицензии e47f49d7... на HWID CRAFT-B6DD50B6A9C5A349F55F
2026-02-09 22:57:57,944 - license_client - INFO - Лицензия сохранена
2026-02-09 22:57:57,949 - license_client - INFO - Лицензия действительна
2026-02-09 22:57:57,956 - license_client - INFO - Лицензия сохранена
2026-02-09 22:58:57,973 - license_client - INFO - Проверка лицензии e47f49d7... на HWID CRAFT-B6DD50B6A9C5A349F55F
2026-02-09 22:58:58,100 - license_client - INFO - Лицензия сохранена
2026-02-09 22:58:58,105 - license_client - INFO - Лицензия действительна
2026-02-09 22:58:58,111 - license_client - INFO - Лицензия сохранена
2026-02-09 22:59:58,125 - license_client - INFO - Проверка лицензии e47f49d7... на HWID CRAFT-B6DD50B6A9C5A349F55F
2026-02-09 22:59:58,239 - license_client - INFO - Лицензия сохранена
2026-02-09 22:59:58,254 - license_client - INFO - Лицензия действительна
2026-02-09 22:59:58,259 - license_client - INFO - Лицензия сохранена
2026-02-09 23:00:58,279 - license_client - INFO - Проверка лицензии e47f49d7... на HWID CRAFT-B6DD50B6A9C5A349F55F
2026-02-09 23:00:58,407 - license_client - INFO - Лицензия сохранена
2026-02-09 23:00:58,413 - license_client - INFO - Лицензия действительна
2026-02-09 23:00:58,418 - license_client - INFO - Лицензия сохранена
2026-02-09 23:01:58,428 - license_client - INFO - Проверка лицензии e47f49d7... на HWID CRAFT-B6DD50B6A9C5A349F55F
2026-02-09 23:01:58,550 - license_client - INFO - Лицензия сохранена
2026-02-09 23:01:58,557 - license_client - INFO - Лицензия действительна
2026-02-09 23:01:58,562 - license_client - INFO - Лицензия сохранена
2026-02-09 23:02:58,573 - license_client - INFO - Проверка лицензии e47f49d7... на HWID CRAFT-B6DD50B6A9C5A349F55F
2026-02-09 23:02:58,729 - license_client - INFO - Лицензия сохранена
2026-02-09 23:02:58,735 - license_client - INFO - Лицензия действительна
2026-02-09 23:02:58,741 - license_client - INFO - Лицензия сохранена
2026-02-09 23:03:58,747 - license_client - INFO - Проверка лицензии e47f49d7... на HWID CRAFT-B6DD50B6A9C5A349F55F
2026-02-09 23:03:58,888 - license_client - INFO - Лицензия сохранена
2026-02-09 23:03:58,907 - license_client - INFO - Лицензия действительна
2026-02-09 23:03:58,912 - license_client - INFO - Лицензия сохранена
2026-02-09 23:04:58,919 - license_client - INFO - Проверка лицензии e47f49d7... на HWID CRAFT-B6DD50B6A9C5A349F55F
2026-02-09 23:04:59,094 - license_client - INFO - Лицензия сохранена
2026-02-09 23:04:59,101 - license_client - INFO - Лицензия действительна
2026-02-09 23:04:59,106 - license_client - INFO - Лицензия сохранена
2026-02-09 23:05:59,123 - license_client - INFO - Проверка лицензии e47f49d7... на HWID CRAFT-B6DD50B6A9C5A349F55F
2026-02-09 23:05:59,309 - license_client - INFO - Лицензия сохранена
2026-02-09 23:05:59,313 - license_client - INFO - Лицензия действительна
2026-02-09 23:05:59,319 - license_client - INFO - Лицензия сохранена
2026-02-09 23:06:59,328 - license_client - INFO - Проверка лицензии e47f49d7... на HWID CRAFT-B6DD50B6A9C5A349F55F
2026-02-09 23:06:59,438 - license_client - INFO - Лицензия сохранена
2026-02-09 23:06:59,455 - license_client - INFO - Лицензия действительна
2026-02-09 23:06:59,459 - license_client - INFO - Лицензия сохранена
2026-02-09 23:07:59,466 - license_client - INFO - Проверка лицензии e47f49d7... на HWID CRAFT-B6DD50B6A9C5A349F55F
2026-02-09 23:07:59,630 - license_client - INFO - Лицензия сохранена
2026-02-09 23:07:59,634 - license_client - INFO - Лицензия действительна
2026-02-09 23:07:59,641 - license_client - INFO - Лицензия сохранена
2026-02-09 23:08:59,659 - license_client - INFO - Проверка лицензии e47f49d7... на HWID CRAFT-B6DD50B6A9C5A349F55F
2026-02-09 23:08:59,807 - license_client - INFO - Лицензия сохранена
2026-02-09 23:08:59,811 - license_client - INFO - Лицензия действительна
2026-02-09 23:08:59,819 - license_client - INFO - Лицензия сохранена
2026-02-09 23:09:59,834 - license_client - INFO - Проверка лицензии e47f49d7... на HWID CRAFT-B6DD50B6A9C5A349F55F
2026-02-09 23:09:59,994 - license_client - INFO - Лицензия сохранена
2026-02-09 23:09:59,999 - license_client - INFO - Лицензия действительна
2026-02-09 23:10:00,005 - license_client - INFO - Лицензия сохранена
2026-02-09 23:11:00,016 - license_client - INFO - Проверка лицензии e47f49d7... на HWID CRAFT-B6DD50B6A9C5A349F55F
2026-02-09 23:11:00,228 - license_client - INFO - Лицензия сохранена
2026-02-09 23:11:00,233 - license_client - INFO - Лицензия действительна
2026-02-09 23:11:00,239 - license_client - INFO - Лицензия сохранена
2026-02-09 23:12:00,253 - license_client - INFO - Проверка лицензии e47f49d7... на HWID CRAFT-B6DD50B6A9C5A349F55F
2026-02-09 23:12:00,411 - license_client - INFO - Лицензия сохранена
2026-02-09 23:12:00,416 - license_client - INFO - Лицензия действительна
2026-02-09 23:12:00,423 - license_client - INFO - Лицензия сохранена
2026-02-09 23:13:00,439 - license_client - INFO - Проверка лицензии e47f49d7... на HWID CRAFT-B6DD50B6A9C5A349F55F
2026-02-09 23:13:00,561 - license_client - INFO - Лицензия сохранена
2026-02-09 23:13:00,567 - license_client - INFO - Лицензия действительна
2026-02-09 23:13:00,572 - license_client - INFO - Лицензия сохранена
2026-02-09 23:14:00,590 - license_client - INFO - Проверка лицензии e47f49d7... на HWID CRAFT-B6DD50B6A9C5A349F55F
2026-02-09 23:14:00,717 - license_client - INFO - Лицензия сохранена
2026-02-09 23:14:00,722 - license_client - INFO - Лицензия действительна
2026-02-09 23:14:00,728 - license_client - INFO - Лицензия сохранена
2026-02-09 23:15:00,740 - license_client - INFO - Проверка лицензии e47f49d7... на HWID CRAFT-B6DD50B6A9C5A349F55F
2026-02-09 23:15:00,867 - license_client - INFO - Лицензия сохранена
2026-02-09 23:15:00,871 - license_client - INFO - Лицензия действительна
2026-02-09 23:15:00,879 - license_client - INFO - Лицензия сохранена
2026-02-09 23:16:00,900 - license_client - INFO - Проверка лицензии e47f49d7... на HWID CRAFT-B6DD50B6A9C5A349F55F
2026-02-09 23:16:01,092 - license_client - INFO - Лицензия сохранена
2026-02-09 23:16:01,151 - license_client - INFO - Лицензия действительна
2026-02-09 23:16:01,157 - license_client - INFO - Лицензия сохранена
2026-02-09 23:17:01,169 - license_client - INFO - Проверка лицензии e47f49d7... на HWID CRAFT-B6DD50B6A9C5A349F55F
2026-02-09 23:17:01,294 - license_client - INFO - Лицензия сохранена
2026-02-09 23:17:01,299 - license_client - INFO - Лицензия действительна
2026-02-09 23:17:01,304 - license_client - INFO - Лицензия сохранена
2026-02-09 23:18:01,324 - license_client - INFO - Проверка лицензии e47f49d7... на HWID CRAFT-B6DD50B6A9C5A349F55F
2026-02-09 23:18:01,535 - license_client - INFO - Лицензия сохранена
2026-02-09 23:18:01,539 - license_client - INFO - Лицензия действительна
2026-02-09 23:18:01,546 - license_client - INFO - Лицензия сохранена
2026-02-09 23:19:01,561 - license_client - INFO - Проверка лицензии e47f49d7... на HWID CRAFT-B6DD50B6A9C5A349F55F
2026-02-09 23:19:01,756 - license_client - INFO - Лицензия сохранена
2026-02-09 23:19:01,761 - license_client - INFO - Лицензия действительна
2026-02-09 23:19:01,767 - license_client - INFO - Лицензия сохранена
2026-02-09 23:20:01,772 - license_client - INFO - Проверка лицензии e47f49d7... на HWID CRAFT-B6DD50B6A9C5A349F55F
2026-02-09 23:20:01,975 - license_client - INFO - Лицензия сохранена
2026-02-09 23:20:01,985 - license_client - INFO - Лицензия действительна
2026-02-09 23:20:01,994 - license_client - INFO - Лицензия сохранена
2026-02-09 23:21:02,003 - license_client - INFO - Проверка лицензии e47f49d7... на HWID CRAFT-B6DD50B6A9C5A349F55F
2026-02-09 23:21:02,164 - license_client - INFO - Лицензия сохранена
2026-02-09 23:21:02,169 - license_client - INFO - Лицензия действительна
2026-02-09 23:21:02,176 - license_client - INFO - Лицензия сохранена
2026-02-09 23:22:02,183 - license_client - INFO - Проверка лицензии e47f49d7... на HWID CRAFT-B6DD50B6A9C5A349F55F
2026-02-09 23:22:02,299 - license_client - INFO - Лицензия сохранена
2026-02-09 23:22:02,312 - license_client - INFO - Лицензия действительна
2026-02-09 23:22:02,316 - license_client - INFO - Лицензия сохранена
2026-02-09 23:23:02,331 - license_client - INFO - Проверка лицензии e47f49d7... на HWID CRAFT-B6DD50B6A9C5A349F55F
2026-02-09 23:23:03,549 - license_client - INFO - Лицензия сохранена
2026-02-09 23:23:03,585 - license_client - INFO - Лицензия действительна
2026-02-09 23:23:03,589 - license_client - INFO - Лицензия сохранена
2026-02-09 23:24:03,600 - license_client - INFO - Проверка лицензии e47f49d7... на HWID CRAFT-B6DD50B6A9C5A349F55F
2026-02-09 23:24:03,741 - license_client - INFO - Лицензия сохранена
2026-02-09 23:24:03,753 - license_client - INFO - Лицензия действительна
2026-02-09 23:24:03,763 - license_client - INFO - Лицензия сохранена
2026-02-09 23:25:03,770 - license_client - INFO - Проверка лицензии e47f49d7... на HWID CRAFT-B6DD50B6A9C5A349F55F
2026-02-09 23:25:03,904 - license_client - INFO - Лицензия сохранена
2026-02-09 23:25:03,909 - license_client - INFO - Лицензия действительна
2026-02-09 23:25:03,915 - license_client - INFO - Лицензия сохранена
2026-02-09 23:26:03,934 - license_client - INFO - Проверка лицензии e47f49d7... на HWID CRAFT-B6DD50B6A9C5A349F55F
2026-02-09 23:26:04,116 - license_client - INFO - Лицензия сохранена
2026-02-09 23:26:04,121 - license_client - INFO - Лицензия действительна
2026-02-09 23:26:04,128 - license_client - INFO - Лицензия сохранена
2026-02-09 23:27:04,135 - license_client - INFO - Проверка лицензии e47f49d7... на HWID CRAFT-B6DD50B6A9C5A349F55F
2026-02-09 23:27:04,263 - license_client - INFO - Лицензия сохранена
2026-02-09 23:27:04,269 - license_client - INFO - Лицензия действительна
2026-02-09 23:27:04,278 - license_client - INFO - Лицензия сохранена
2026-02-09 23:28:04,292 - license_client - INFO - Проверка лицензии e47f49d7... на HWID CRAFT-B6DD50B6A9C5A349F55F
2026-02-09 23:28:04,475 - license_client - INFO - Лицензия сохранена
2026-02-09 23:28:04,479 - license_client - INFO - Лицензия действительна
2026-02-09 23:28:04,485 - license_client - INFO - Лицензия сохранена
2026-02-09 23:29:04,490 - license_client - INFO - Проверка лицензии e47f49d7... на HWID CRAFT-B6DD50B6A9C5A349F55F
2026-02-09 23:29:04,634 - license_client - INFO - Лицензия сохранена
2026-02-09 23:29:04,640 - license_client - INFO - Лицензия действительна
2026-02-09 23:29:04,646 - license_client - INFO - Лицензия сохранена
2026-02-09 23:30:04,651 - license_client - INFO - Проверка лицензии e47f49d7... на HWID CRAFT-B6DD50B6A9C5A349F55F
2026-02-09 23:30:04,813 - license_client - INFO - Лицензия сохранена
2026-02-09 23:30:04,818 - license_client - INFO - Лицензия действительна
2026-02-09 23:30:04,823 - license_client - INFO - Лицензия сохранена
2026-02-09 23:31:04,836 - license_client - INFO - Проверка лицензии e47f49d7... на HWID CRAFT-B6DD50B6A9C5A349F55F
2026-02-09 23:31:04,982 - license_client - INFO - Лицензия сохранена
2026-02-09 23:31:05,003 - license_client - INFO - Лицензия действительна
2026-02-09 23:31:05,007 - license_client - INFO - Лицензия сохранена
2026-02-09 23:32:05,014 - license_client - INFO - Проверка лицензии e47f49d7... на HWID CRAFT-B6DD50B6A9C5A349F55F
2026-02-09 23:32:05,184 - license_client - INFO - Лицензия сохранена
2026-02-09 23:32:05,190 - license_client - INFO - Лицензия действительна
2026-02-09 23:32:05,196 - license_client - INFO - Лицензия сохранена
2026-02-09 23:33:05,206 - license_client - INFO - Проверка лицензии e47f49d7... на HWID CRAFT-B6DD50B6A9C5A349F55F
2026-02-09 23:33:05,379 - license_client - INFO - Лицензия сохранена
2026-02-09 23:33:05,386 - license_client - INFO - Лицензия действительна
2026-02-09 23:33:05,391 - license_client - INFO - Лицензия сохранена
2026-02-09 23:34:05,406 - license_client - INFO - Проверка лицензии e47f49d7... на HWID CRAFT-B6DD50B6A9C5A349F55F
2026-02-09 23:34:05,590 - license_client - INFO - Лицензия сохранена
2026-02-09 23:34:05,596 - license_client - INFO - Лицензия действительна
2026-02-09 23:34:05,603 - license_client - INFO - Лицензия сохранена
2026-02-09 23:35:05,620 - license_client - INFO - Проверка лицензии e47f49d7... на HWID CRAFT-B6DD50B6A9C5A349F55F
2026-02-09 23:35:05,772 - license_client - INFO - Лицензия сохранена
2026-02-09 23:35:05,778 - license_client - INFO - Лицензия действительна
2026-02-09 23:35:05,784 - license_client - INFO - Лицензия сохранена
2026-02-09 23:36:05,795 - license_client - INFO - Проверка лицензии e47f49d7... на HWID CRAFT-B6DD50B6A9C5A349F55F
2026-02-09 23:36:05,918 - license_client - INFO - Лицензия сохранена
2026-02-09 23:36:05,923 - license_client - INFO - Лицензия действительна
2026-02-09 23:36:05,928 - license_client - INFO - Лицензия сохранена
2026-02-09 23:37:05,944 - license_client - INFO - Проверка лицензии e47f49d7... на HWID CRAFT-B6DD50B6A9C5A349F55F
2026-02-09 23:37:06,082 - license_client - INFO - Лицензия сохранена
2026-02-09 23:37:06,088 - license_client - INFO - Лицензия действительна
2026-02-09 23:37:06,094 - license_client - INFO - Лицензия сохранена
2026-02-09 23:38:06,104 - license_client - INFO - Проверка лицензии e47f49d7... на HWID CRAFT-B6DD50B6A9C5A349F55F
2026-02-09 23:38:06,222 - license_client - INFO - Лицензия сохранена
2026-02-09 23:38:06,232 - license_client - INFO - Лицензия действительна
2026-02-09 23:38:06,236 - license_client - INFO - Лицензия сохранена
2026-02-09 23:39:06,247 - license_client - INFO - Проверка лицензии e47f49d7... на HWID CRAFT-B6DD50B6A9C5A349F55F
2026-02-09 23:39:06,372 - license_client - INFO - Лицензия сохранена
2026-02-09 23:39:06,387 - license_client - INFO - Лицензия действительна
2026-02-09 23:39:06,396 - license_client - INFO - Лицензия сохранена
2026-02-09 23:40:06,403 - license_client - INFO - Проверка лицензии e47f49d7... на HWID CRAFT-B6DD50B6A9C5A349F55F
2026-02-09 23:40:06,532 - license_client - INFO - Лицензия сохранена
2026-02-09 23:40:06,537 - license_client - INFO - Лицензия действительна
2026-02-09 23:40:06,543 - license_client - INFO - Лицензия сохранена
2026-02-09 23:41:06,550 - license_client - INFO - Проверка лицензии e47f49d7... на HWID CRAFT-B6DD50B6A9C5A349F55F
2026-02-09 23:41:06,754 - license_client - INFO - Лицензия сохранена
2026-02-09 23:41:06,760 - license_client - INFO - Лицензия действительна
2026-02-09 23:41:06,765 - license_client - INFO - Лицензия сохранена
2026-02-09 23:42:06,773 - license_client - INFO - Проверка лицензии e47f49d7... на HWID CRAFT-B6DD50B6A9C5A349F55F
2026-02-09 23:42:06,917 - license_client - INFO - Лицензия сохранена
2026-02-09 23:42:06,923 - license_client - INFO - Лицензия действительна
2026-02-09 23:42:06,930 - license_client - INFO - Лицензия сохранена
2026-02-09 23:43:06,941 - license_client - INFO - Проверка лицензии e47f49d7... на HWID CRAFT-B6DD50B6A9C5A349F55F
2026-02-09 23:43:07,112 - license_client - INFO - Лицензия сохранена
2026-02-09 23:43:07,127 - license_client - INFO - Лицензия действительна
2026-02-09 23:43:07,133 - license_client - INFO - Лицензия сохранена
2026-02-09 23:44:07,152 - license_client - INFO - Проверка лицензии e47f49d7... на HWID CRAFT-B6DD50B6A9C5A349F55F
2026-02-09 23:44:07,297 - license_client - INFO - Лицензия сохранена
2026-02-09 23:44:07,312 - license_client - INFO - Лицензия действительна
2026-02-09 23:44:07,317 - license_client - INFO - Лицензия сохранена
2026-02-09 23:45:07,326 - license_client - INFO - Проверка лицензии e47f49d7... на HWID CRAFT-B6DD50B6A9C5A349F55F
2026-02-09 23:45:07,518 - license_client - INFO - Лицензия сохранена
2026-02-09 23:45:07,522 - license_client - INFO - Лицензия действительна
2026-02-09 23:45:07,530 - license_client - INFO - Лицензия сохранена
2026-02-09 23:46:07,545 - license_client - INFO - Проверка лицензии e47f49d7... на HWID CRAFT-B6DD50B6A9C5A349F55F
2026-02-09 23:46:07,746 - license_client - INFO - Лицензия сохранена
2026-02-09 23:46:07,754 - license_client - INFO - Лицензия действительна
2026-02-09 23:46:07,760 - license_client - INFO - Лицензия сохранена
2026-02-09 23:47:07,766 - license_client - INFO - Проверка лицензии e47f49d7... на HWID CRAFT-B6DD50B6A9C5A349F55F
2026-02-09 23:47:07,945 - license_client - INFO - Лицензия сохранена
2026-02-09 23:47:07,952 - license_client - INFO - Лицензия действительна
2026-02-09 23:47:07,958 - license_client - INFO - Лицензия сохранена
2026-02-09 23:48:07,972 - license_client - INFO - Проверка лицензии e47f49d7... на HWID CRAFT-B6DD50B6A9C5A349F55F
2026-02-09 23:48:08,140 - license_client - INFO - Лицензия сохранена
2026-02-09 23:48:08,145 - license_client - INFO - Лицензия действительна
2026-02-09 23:48:08,159 - license_client - INFO - Лицензия сохранена
2026-02-09 23:49:08,178 - license_client - INFO - Проверка лицензии e47f49d7... на HWID CRAFT-B6DD50B6A9C5A349F55F
2026-02-09 23:49:08,538 - license_client - INFO - Лицензия сохранена
2026-02-09 23:49:08,559 - license_client - INFO - Лицензия действительна
2026-02-09 23:49:08,563 - license_client - INFO - Лицензия сохранена
2026-02-09 23:50:08,570 - license_client - INFO - Проверка лицензии e47f49d7... на HWID CRAFT-B6DD50B6A9C5A349F55F
2026-02-09 23:50:08,836 - license_client - INFO - Лицензия сохранена
2026-02-09 23:50:08,840 - license_client - INFO - Лицензия действительна
2026-02-09 23:50:08,848 - license_client - INFO - Лицензия сохранена
2026-02-09 23:51:08,869 - license_client - INFO - Проверка лицензии e47f49d7... на HWID CRAFT-B6DD50B6A9C5A349F55F
2026-02-09 23:51:08,997 - license_client - INFO - Лицензия сохранена
2026-02-09 23:51:09,002 - license_client - INFO - Лицензия действительна
2026-02-09 23:51:09,008 - license_client - INFO - Лицензия сохранена
2026-02-09 23:52:09,024 - license_client - INFO - Проверка лицензии e47f49d7... на HWID CRAFT-B6DD50B6A9C5A349F55F
2026-02-09 23:52:09,168 - license_client - INFO - Лицензия сохранена
2026-02-09 23:52:09,172 - license_client - INFO - Лицензия действительна
2026-02-09 23:52:09,179 - license_client - INFO - Лицензия сохранена
2026-02-09 23:53:09,198 - license_client - INFO - Проверка лицензии e47f49d7... на HWID CRAFT-B6DD50B6A9C5A349F55F
2026-02-09 23:53:09,318 - license_client - INFO - Лицензия сохранена
2026-02-09 23:53:09,322 - license_client - INFO - Лицензия действительна
2026-02-09 23:53:09,330 - license_client - INFO - Лицензия сохранена
2026-02-09 23:54:09,338 - license_client - INFO - Проверка лицензии e47f49d7... на HWID CRAFT-B6DD50B6A9C5A349F55F
2026-02-09 23:54:09,549 - license_client - INFO - Лицензия сохранена
2026-02-09 23:54:09,554 - license_client - INFO - Лицензия действительна
2026-02-09 23:54:09,562 - license_client - INFO - Лицензия сохранена
2026-02-09 23:55:09,570 - license_client - INFO - Проверка лицензии e47f49d7... на HWID CRAFT-B6DD50B6A9C5A349F55F
2026-02-09 23:55:09,688 - license_client - INFO - Лицензия сохранена
2026-02-09 23:55:09,704 - license_client - INFO - Лицензия действительна
2026-02-09 23:55:09,709 - license_client - INFO - Лицензия сохранена
2026-02-09 23:56:09,724 - license_client - INFO - Проверка лицензии e47f49d7... на HWID CRAFT-B6DD50B6A9C5A349F55F
2026-02-09 23:56:09,882 - license_client - INFO - Лицензия сохранена
2026-02-09 23:56:09,886 - license_client - INFO - Лицензия действительна
2026-02-09 23:56:09,894 - license_client - INFO - Лицензия сохранена
2026-02-09 23:57:09,914 - license_client - INFO - Проверка лицензии e47f49d7... на HWID CRAFT-B6DD50B6A9C5A349F55F
2026-02-09 23:57:10,059 - license_client - INFO - Лицензия сохранена
2026-02-09 23:57:10,063 - license_client - INFO - Лицензия действительна
2026-02-09 23:57:10,069 - license_client - INFO - Лицензия сохранена
2026-02-09 23:58:10,079 - license_client - INFO - Проверка лицензии e47f49d7... на HWID CRAFT-B6DD50B6A9C5A349F55F
2026-02-09 23:58:10,202 - license_client - INFO - Лицензия сохранена
2026-02-09 23:58:10,208 - license_client - INFO - Лицензия действительна
2026-02-09 23:58:10,212 - license_client - INFO - Лицензия сохранена
2026-02-09 23:59:10,225 - license_client - INFO - Проверка лицензии e47f49d7... на HWID CRAFT-B6DD50B6A9C5A349F55F
2026-02-09 23:59:10,437 - license_client - INFO - Лицензия сохранена
2026-02-09 23:59:10,442 - license_client - INFO - Лицензия действительна
2026-02-09 23:59:10,448 - license_client - INFO - Лицензия сохранена
2026-02-10 00:00:10,460 - license_client - INFO - Проверка лицензии e47f49d7... на HWID CRAFT-B6DD50B6A9C5A349F55F
2026-02-10 00:00:10,664 - license_client - INFO - Лицензия сохранена
2026-02-10 00:00:10,673 - license_client - INFO - Лицензия действительна
2026-02-10 00:00:10,682 - license_client - INFO - Лицензия сохранена
2026-02-10 00:01:10,687 - license_client - INFO - Проверка лицензии e47f49d7... на HWID CRAFT-B6DD50B6A9C5A349F55F
2026-02-10 00:01:10,860 - license_client - INFO - Лицензия сохранена
2026-02-10 00:01:10,867 - license_client - INFO - Лицензия действительна
2026-02-10 00:01:10,876 - license_client - INFO - Лицензия сохранена
2026-02-10 00:02:10,881 - license_client - INFO - Проверка лицензии e47f49d7... на HWID CRAFT-B6DD50B6A9C5A349F55F
2026-02-10 00:02:11,006 - license_client - INFO - Лицензия сохранена
2026-02-10 00:02:11,010 - license_client - INFO - Лицензия действительна
2026-02-10 00:02:11,018 - license_client - INFO - Лицензия сохранена
2026-02-10 00:03:11,032 - license_client - INFO - Проверка лицензии e47f49d7... на HWID CRAFT-B6DD50B6A9C5A349F55F
2026-02-10 00:03:11,150 - license_client - INFO - Лицензия сохранена
2026-02-10 00:03:11,153 - license_client - INFO - Лицензия действительна
2026-02-10 00:03:11,162 - license_client - INFO - Лицензия сохранена
2026-02-10 00:04:11,180 - license_client - INFO - Проверка лицензии e47f49d7... на HWID CRAFT-B6DD50B6A9C5A349F55F
2026-02-10 00:04:11,360 - license_client - INFO - Лицензия сохранена
2026-02-10 00:04:11,365 - license_client - INFO - Лицензия действительна
2026-02-10 00:04:11,373 - license_client - INFO - Лицензия сохранена
2026-02-10 00:05:11,380 - license_client - INFO - Проверка лицензии e47f49d7... на HWID CRAFT-B6DD50B6A9C5A349F55F
2026-02-10 00:05:11,606 - license_client - INFO - Лицензия сохранена
2026-02-10 00:05:11,609 - license_client - INFO - Лицензия действительна
2026-02-10 00:05:11,616 - license_client - INFO - Лицензия сохранена
2026-02-10 00:06:11,632 - license_client - INFO - Проверка лицензии e47f49d7... на HWID CRAFT-B6DD50B6A9C5A349F55F
2026-02-10 00:06:11,816 - license_client - INFO - Лицензия сохранена
2026-02-10 00:06:11,820 - license_client - INFO - Лицензия действительна
2026-02-10 00:06:11,827 - license_client - INFO - Лицензия сохранена
2026-02-10 00:07:11,831 - license_client - INFO - Проверка лицензии e47f49d7... на HWID CRAFT-B6DD50B6A9C5A349F55F
2026-02-10 00:07:11,977 - license_client - INFO - Лицензия сохранена
2026-02-10 00:07:11,982 - license_client - INFO - Лицензия действительна
2026-02-10 00:07:11,988 - license_client - INFO - Лицензия сохранена
2026-02-10 00:08:12,005 - license_client - INFO - Проверка лицензии e47f49d7... на HWID CRAFT-B6DD50B6A9C5A349F55F
2026-02-10 00:08:12,122 - license_client - INFO - Лицензия сохранена
2026-02-10 00:08:12,135 - license_client - INFO - Лицензия действительна
2026-02-10 00:08:12,140 - license_client - INFO - Лицензия сохранена
2026-02-10 00:09:12,154 - license_client - INFO - Проверка лицензии e47f49d7... на HWID CRAFT-B6DD50B6A9C5A349F55F
2026-02-10 00:09:12,273 - license_client - INFO - Лицензия сохранена
2026-02-10 00:09:12,277 - license_client - INFO - Лицензия действительна
2026-02-10 00:09:12,283 - license_client - INFO - Лицензия сохранена
2026-02-10 00:10:12,296 - license_client - INFO - Проверка лицензии e47f49d7... на HWID CRAFT-B6DD50B6A9C5A349F55F
2026-02-10 00:10:12,477 - license_client - INFO - Лицензия сохранена
2026-02-10 00:10:12,481 - license_client - INFO - Лицензия действительна
2026-02-10 00:10:12,489 - license_client - INFO - Лицензия сохранена
2026-02-10 00:11:12,507 - license_client - INFO - Проверка лицензии e47f49d7... на HWID CRAFT-B6DD50B6A9C5A349F55F
2026-02-10 00:11:12,636 - license_client - INFO - Лицензия сохранена
2026-02-10 00:11:12,651 - license_client - INFO - Лицензия действительна
2026-02-10 00:11:12,657 - license_client - INFO - Лицензия сохранена
2026-02-10 00:12:12,670 - license_client - INFO - Проверка лицензии e47f49d7... на HWID CRAFT-B6DD50B6A9C5A349F55F
2026-02-10 00:12:12,814 - license_client - INFO - Лицензия сохранена
2026-02-10 00:12:12,818 - license_client - INFO - Лицензия действительна
2026-02-10 00:12:12,825 - license_client - INFO - Лицензия сохранена
2026-02-10 00:13:12,838 - license_client - INFO - Проверка лицензии e47f49d7... на HWID CRAFT-B6DD50B6A9C5A349F55F
2026-02-10 00:13:12,995 - license_client - INFO - Лицензия сохранена
2026-02-10 00:13:13,013 - license_client - INFO - Лицензия действительна
2026-02-10 00:13:13,017 - license_client - INFO - Лицензия сохранена
2026-02-10 00:14:13,036 - license_client - INFO - Проверка лицензии e47f49d7... на HWID CRAFT-B6DD50B6A9C5A349F55F
2026-02-10 00:14:13,183 - license_client - INFO - Лицензия сохранена
2026-02-10 00:14:13,187 - license_client - INFO - Лицензия действительна
2026-02-10 00:14:13,196 - license_client - INFO - Лицензия сохранена
2026-02-10 00:15:13,210 - license_client - INFO - Проверка лицензии e47f49d7... на HWID CRAFT-B6DD50B6A9C5A349F55F
2026-02-10 00:15:13,334 - license_client - INFO - Лицензия сохранена
2026-02-10 00:15:13,339 - license_client - INFO - Лицензия действительна
2026-02-10 00:15:13,344 - license_client - INFO - Лицензия сохранена
2026-02-10 00:16:13,362 - license_client - INFO - Проверка лицензии e47f49d7... на HWID CRAFT-B6DD50B6A9C5A349F55F
2026-02-10 00:16:13,542 - license_client - INFO - Лицензия сохранена
2026-02-10 00:16:13,545 - license_client - INFO - Лицензия действительна
2026-02-10 00:16:13,552 - license_client - INFO - Лицензия сохранена
2026-02-10 00:17:13,560 - license_client - INFO - Проверка лицензии e47f49d7... на HWID CRAFT-B6DD50B6A9C5A349F55F
2026-02-10 00:17:13,681 - license_client - INFO - Лицензия сохранена
2026-02-10 00:17:13,685 - license_client - INFO - Лицензия действительна
2026-02-10 00:17:13,693 - license_client - INFO - Лицензия сохранена
2026-02-10 00:18:13,700 - license_client - INFO - Проверка лицензии e47f49d7... на HWID CRAFT-B6DD50B6A9C5A349F55F
2026-02-10 00:18:13,924 - license_client - INFO - Лицензия сохранена
2026-02-10 00:18:13,928 - license_client - INFO - Лицензия действительна
2026-02-10 00:18:13,935 - license_client - INFO - Лицензия сохранена
2026-02-10 00:19:13,950 - license_client - INFO - Проверка лицензии e47f49d7... на HWID CRAFT-B6DD50B6A9C5A349F55F
2026-02-10 00:19:14,071 - license_client - INFO - Лицензия сохранена
2026-02-10 00:19:14,078 - license_client - INFO - Лицензия действительна
2026-02-10 00:19:14,083 - license_client - INFO - Лицензия сохранена
2026-02-10 00:20:14,099 - license_client - INFO - Проверка лицензии e47f49d7... на HWID CRAFT-B6DD50B6A9C5A349F55F
2026-02-10 00:20:14,294 - license_client - INFO - Лицензия сохранена
2026-02-10 00:20:14,297 - license_client - INFO - Лицензия действительна
2026-02-10 00:20:14,306 - license_client - INFO - Лицензия сохранена
2026-02-10 00:21:14,310 - license_client - INFO - Проверка лицензии e47f49d7... на HWID CRAFT-B6DD50B6A9C5A349F55F
2026-02-10 00:21:14,509 - license_client - INFO - Лицензия сохранена
2026-02-10 00:21:14,513 - license_client - INFO - Лицензия действительна
2026-02-10 00:21:14,520 - license_client - INFO - Лицензия сохранена
2026-02-10 00:22:14,535 - license_client - INFO - Проверка лицензии e47f49d7... на HWID CRAFT-B6DD50B6A9C5A349F55F
2026-02-10 00:22:14,667 - license_client - INFO - Лицензия сохранена
2026-02-10 00:22:14,670 - license_client - INFO - Лицензия действительна
2026-02-10 00:22:14,676 - license_client - INFO - Лицензия сохранена
2026-02-10 00:23:14,688 - license_client - INFO - Проверка лицензии e47f49d7... на HWID CRAFT-B6DD50B6A9C5A349F55F
2026-02-10 00:23:14,822 - license_client - INFO - Лицензия сохранена
2026-02-10 00:23:14,827 - license_client - INFO - Лицензия действительна
2026-02-10 00:23:14,835 - license_client - INFO - Лицензия сохранена
2026-02-10 00:24:14,852 - license_client - INFO - Проверка лицензии e47f49d7... на HWID CRAFT-B6DD50B6A9C5A349F55F
2026-02-10 00:24:15,040 - license_client - INFO - Лицензия сохранена
2026-02-10 00:24:15,103 - license_client - INFO - Лицензия действительна
2026-02-10 00:24:15,108 - license_client - INFO - Лицензия сохранена
2026-02-10 00:25:15,119 - license_client - INFO - Проверка лицензии e47f49d7... на HWID CRAFT-B6DD50B6A9C5A349F55F
2026-02-10 00:25:15,310 - license_client - INFO - Лицензия сохранена
2026-02-10 00:25:15,314 - license_client - INFO - Лицензия действительна
2026-02-10 00:25:15,320 - license_client - INFO - Лицензия сохранена
2026-02-10 00:26:15,335 - license_client - INFO - Проверка лицензии e47f49d7... на HWID CRAFT-B6DD50B6A9C5A349F55F
2026-02-10 00:26:15,589 - license_client - INFO - Лицензия сохранена
2026-02-10 00:26:15,596 - license_client - INFO - Лицензия действительна
2026-02-10 00:26:15,603 - license_client - INFO - Лицензия сохранена
2026-02-10 00:27:15,611 - license_client - INFO - Проверка лицензии e47f49d7... на HWID CRAFT-B6DD50B6A9C5A349F55F
2026-02-10 00:27:15,751 - license_client - INFO - Лицензия сохранена
2026-02-10 00:27:15,755 - license_client - INFO - Лицензия действительна
2026-02-10 00:27:15,761 - license_client - INFO - Лицензия сохранена
2026-02-10 00:28:15,776 - license_client - INFO - Проверка лицензии e47f49d7... на HWID CRAFT-B6DD50B6A9C5A349F55F
2026-02-10 00:28:16,052 - license_client - INFO - Лицензия сохранена
2026-02-10 00:28:16,056 - license_client - INFO - Лицензия действительна
2026-02-10 00:28:16,062 - license_client - INFO - Лицензия сохранена
2026-02-10 00:29:16,070 - license_client - INFO - Проверка лицензии e47f49d7... на HWID CRAFT-B6DD50B6A9C5A349F55F
2026-02-10 00:29:16,220 - license_client - INFO - Лицензия сохранена
2026-02-10 00:29:16,224 - license_client - INFO - Лицензия действительна
2026-02-10 00:29:16,230 - license_client - INFO - Лицензия сохранена
2026-02-10 00:30:16,241 - license_client - INFO - Проверка лицензии e47f49d7... на HWID CRAFT-B6DD50B6A9C5A349F55F
2026-02-10 00:30:16,388 - license_client - INFO - Лицензия сохранена
2026-02-10 00:30:16,392 - license_client - INFO - Лицензия действительна
2026-02-10 00:30:16,401 - license_client - INFO - Лицензия сохранена
2026-02-10 00:31:16,417 - license_client - INFO - Проверка лицензии e47f49d7... на HWID CRAFT-B6DD50B6A9C5A349F55F
2026-02-10 00:31:16,573 - license_client - INFO - Лицензия сохранена
2026-02-10 00:31:16,577 - license_client - INFO - Лицензия действительна
2026-02-10 00:31:16,583 - license_client - INFO - Лицензия сохранена
2026-02-10 00:32:16,597 - license_client - INFO - Проверка лицензии e47f49d7... на HWID CRAFT-B6DD50B6A9C5A349F55F
2026-02-10 00:32:16,743 - license_client - INFO - Лицензия сохранена
2026-02-10 00:32:16,747 - license_client - INFO - Лицензия действительна
2026-02-10 00:32:16,754 - license_client - INFO - Лицензия сохранена
2026-02-10 00:33:16,773 - license_client - INFO - Проверка лицензии e47f49d7... на HWID CRAFT-B6DD50B6A9C5A349F55F
2026-02-10 00:33:17,005 - license_client - INFO - Лицензия сохранена
2026-02-10 00:33:17,010 - license_client - INFO - Лицензия действительна
2026-02-10 00:33:17,015 - license_client - INFO - Лицензия сохранена
2026-02-10 00:34:17,032 - license_client - INFO - Проверка лицензии e47f49d7... на HWID CRAFT-B6DD50B6A9C5A349F55F
2026-02-10 00:34:17,182 - license_client - INFO - Лицензия сохранена
2026-02-10 00:34:17,186 - license_client - INFO - Лицензия действительна
2026-02-10 00:34:17,193 - license_client - INFO - Лицензия сохранена
2026-02-10 00:35:17,210 - license_client - INFO - Проверка лицензии e47f49d7... на HWID CRAFT-B6DD50B6A9C5A349F55F
2026-02-10 00:35:17,480 - license_client - INFO - Лицензия сохранена
2026-02-10 00:35:17,526 - license_client - INFO - Лицензия действительна
2026-02-10 00:35:17,530 - license_client - INFO - Лицензия сохранена
2026-02-10 00:36:17,550 - license_client - INFO - Проверка лицензии e47f49d7... на HWID CRAFT-B6DD50B6A9C5A349F55F
2026-02-10 00:36:17,766 - license_client - INFO - Лицензия сохранена
2026-02-10 00:36:17,770 - license_client - INFO - Лицензия действительна
2026-02-10 00:36:17,778 - license_client - INFO - Лицензия сохранена
2026-02-10 00:37:17,793 - license_client - INFO - Проверка лицензии e47f49d7... на HWID CRAFT-B6DD50B6A9C5A349F55F
2026-02-10 00:37:17,968 - license_client - INFO - Лицензия сохранена
2026-02-10 00:37:17,971 - license_client - INFO - Лицензия действительна
2026-02-10 00:37:17,979 - license_client - INFO - Лицензия сохранена
2026-02-10 00:38:17,986 - license_client - INFO - Проверка лицензии e47f49d7... на HWID CRAFT-B6DD50B6A9C5A349F55F
2026-02-10 00:38:18,161 - license_client - INFO - Лицензия сохранена
2026-02-10 00:38:18,164 - license_client - INFO - Лицензия действительна
2026-02-10 00:38:18,171 - license_client - INFO - Лицензия сохранена
2026-02-10 00:39:18,183 - license_client - INFO - Проверка лицензии e47f49d7... на HWID CRAFT-B6DD50B6A9C5A349F55F
2026-02-10 00:39:18,458 - license_client - INFO - Лицензия сохранена
2026-02-10 00:39:18,461 - license_client - INFO - Лицензия действительна
2026-02-10 00:39:18,468 - license_client - INFO - Лицензия сохранена
2026-02-10 00:40:18,485 - license_client - INFO - Проверка лицензии e47f49d7... на HWID CRAFT-B6DD50B6A9C5A349F55F
2026-02-10 00:40:18,763 - license_client - INFO - Лицензия сохранена
2026-02-10 00:40:18,767 - license_client - INFO - Лицензия действительна
2026-02-10 00:40:18,775 - license_client - INFO - Лицензия сохранена
2026-02-10 00:41:18,782 - license_client - INFO - Проверка лицензии e47f49d7... на HWID CRAFT-B6DD50B6A9C5A349F55F
2026-02-10 00:41:18,950 - license_client - INFO - Лицензия сохранена
2026-02-10 00:41:18,956 - license_client - INFO - Лицензия действительна
2026-02-10 00:41:18,962 - license_client - INFO - Лицензия сохранена
2026-02-10 00:42:18,983 - license_client - INFO - Проверка лицензии e47f49d7... на HWID CRAFT-B6DD50B6A9C5A349F55F
2026-02-10 00:42:19,185 - license_client - INFO - Лицензия сохранена
2026-02-10 00:42:19,189 - license_client - INFO - Лицензия действительна
2026-02-10 00:42:19,196 - license_client - INFO - Лицензия сохранена
2026-02-10 00:43:19,205 - license_client - INFO - Проверка лицензии e47f49d7... на HWID CRAFT-B6DD50B6A9C5A349F55F
2026-02-10 00:43:19,348 - license_client - INFO - Лицензия сохранена
2026-02-10 00:43:19,353 - license_client - INFO - Лицензия действительна
2026-02-10 00:43:19,358 - license_client - INFO - Лицензия сохранена
2026-02-10 00:44:19,364 - license_client - INFO - Проверка лицензии e47f49d7... на HWID CRAFT-B6DD50B6A9C5A349F55F
2026-02-10 00:44:19,560 - license_client - INFO - Лицензия сохранена
2026-02-10 00:44:19,563 - license_client - INFO - Лицензия действительна
2026-02-10 00:44:19,571 - license_client - INFO - Лицензия сохранена
2026-02-10 00:45:19,587 - license_client - INFO - Проверка лицензии e47f49d7... на HWID CRAFT-B6DD50B6A9C5A349F55F
2026-02-10 00:45:19,705 - license_client - INFO - Лицензия сохранена
2026-02-10 00:45:19,719 - license_client - INFO - Лицензия действительна
2026-02-10 00:45:19,726 - license_client - INFO - Лицензия сохранена
2026-02-10 00:46:19,741 - license_client - INFO - Проверка лицензии e47f49d7... на HWID CRAFT-B6DD50B6A9C5A349F55F
2026-02-10 00:46:19,881 - license_client - INFO - Лицензия сохранена
2026-02-10 00:46:19,885 - license_client - INFO - Лицензия действительна
2026-02-10 00:46:19,893 - license_client - INFO - Лицензия сохранена
2026-02-10 00:47:19,900 - license_client - INFO - Проверка лицензии e47f49d7... на HWID CRAFT-B6DD50B6A9C5A349F55F
2026-02-10 00:47:20,044 - license_client - INFO - Лицензия сохранена
2026-02-10 00:47:20,051 - license_client - INFO - Лицензия действительна
2026-02-10 00:47:20,062 - license_client - INFO - Лицензия сохранена
2026-02-10 00:48:20,081 - license_client - INFO - Проверка лицензии e47f49d7... на HWID CRAFT-B6DD50B6A9C5A349F55F
2026-02-10 00:48:20,227 - license_client - INFO - Лицензия сохранена
2026-02-10 00:48:20,235 - license_client - INFO - Лицензия действительна
2026-02-10 00:48:20,244 - license_client - INFO - Лицензия сохранена
2026-02-10 00:49:20,255 - license_client - INFO - Проверка лицензии e47f49d7... на HWID CRAFT-B6DD50B6A9C5A349F55F
2026-02-10 00:49:20,528 - license_client - INFO - Лицензия сохранена
2026-02-10 00:49:20,531 - license_client - INFO - Лицензия действительна
2026-02-10 00:49:20,539 - license_client - INFO - Лицензия сохранена
2026-02-10 00:50:20,559 - license_client - INFO - Проверка лицензии e47f49d7... на HWID CRAFT-B6DD50B6A9C5A349F55F
2026-02-10 00:50:20,827 - license_client - INFO - Лицензия сохранена
2026-02-10 00:50:20,831 - license_client - INFO - Лицензия действительна
2026-02-10 00:50:20,838 - license_client - INFO - Лицензия сохранена
2026-02-10 00:51:20,847 - license_client - INFO - Проверка лицензии e47f49d7... на HWID CRAFT-B6DD50B6A9C5A349F55F
2026-02-10 00:51:21,001 - license_client - INFO - Лицензия сохранена
2026-02-10 00:51:21,005 - license_client - INFO - Лицензия действительна
2026-02-10 00:51:21,014 - license_client - INFO - Лицензия сохранена
2026-02-10 00:52:21,022 - license_client - INFO - Проверка лицензии e47f49d7... на HWID CRAFT-B6DD50B6A9C5A349F55F
2026-02-10 00:52:21,303 - license_client - INFO - Лицензия сохранена
2026-02-10 00:52:21,324 - license_client - INFO - Лицензия действительна
2026-02-10 00:52:21,328 - license_client - INFO - Лицензия сохранена
2026-02-10 00:53:21,336 - license_client - INFO - Проверка лицензии e47f49d7... на HWID CRAFT-B6DD50B6A9C5A349F55F
2026-02-10 00:53:21,483 - license_client - INFO - Лицензия сохранена
2026-02-10 00:53:21,487 - license_client - INFO - Лицензия действительна
2026-02-10 00:53:21,496 - license_client - INFO - Лицензия сохранена
2026-02-10 00:54:21,504 - license_client - INFO - Проверка лицензии e47f49d7... на HWID CRAFT-B6DD50B6A9C5A349F55F
2026-02-10 00:54:21,638 - license_client - INFO - Лицензия сохранена
2026-02-10 00:54:21,641 - license_client - INFO - Лицензия действительна
2026-02-10 00:54:21,648 - license_client - INFO - Лицензия сохранена
2026-02-10 00:55:21,656 - license_client - INFO - Проверка лицензии e47f49d7... на HWID CRAFT-B6DD50B6A9C5A349F55F
2026-02-10 00:55:21,792 - license_client - INFO - Лицензия сохранена
2026-02-10 00:55:21,798 - license_client - INFO - Лицензия действительна
2026-02-10 00:55:21,808 - license_client - INFO - Лицензия сохранена
2026-02-10 00:56:21,823 - license_client - INFO - Проверка лицензии e47f49d7... на HWID CRAFT-B6DD50B6A9C5A349F55F
2026-02-10 00:56:22,075 - license_client - INFO - Лицензия сохранена
2026-02-10 00:56:22,143 - license_client - INFO - Лицензия действительна
2026-02-10 00:56:22,151 - license_client - INFO - Лицензия сохранена
2026-02-10 00:57:22,172 - license_client - INFO - Проверка лицензии e47f49d7... на HWID CRAFT-B6DD50B6A9C5A349F55F
2026-02-10 00:57:22,448 - license_client - INFO - Лицензия сохранена
2026-02-10 00:57:22,485 - license_client - INFO - Лицензия действительна
2026-02-10 00:57:22,492 - license_client - INFO - Лицензия сохранена
2026-02-10 00:58:22,499 - license_client - INFO - Проверка лицензии e47f49d7... на HWID CRAFT-B6DD50B6A9C5A349F55F
2026-02-10 00:58:22,748 - license_client - INFO - Лицензия сохранена
2026-02-10 00:58:22,797 - license_client - INFO - Лицензия действительна
2026-02-10 00:58:22,807 - license_client - INFO - Лицензия сохранена
2026-02-10 00:59:22,818 - license_client - INFO - Проверка лицензии e47f49d7... на HWID CRAFT-B6DD50B6A9C5A349F55F
2026-02-10 00:59:22,986 - license_client - INFO - Лицензия сохранена
2026-02-10 00:59:22,994 - license_client - INFO - Лицензия действительна
2026-02-10 00:59:23,001 - license_client - INFO - Лицензия сохранена
2026-02-10 01:00:23,009 - license_client - INFO - Проверка лицензии e47f49d7... на HWID CRAFT-B6DD50B6A9C5A349F55F
2026-02-10 01:00:23,137 - license_client - INFO - Лицензия сохранена
2026-02-10 01:00:23,144 - license_client - INFO - Лицензия действительна
2026-02-10 01:00:23,154 - license_client - INFO - Лицензия сохранена
2026-02-10 01:01:23,160 - license_client - INFO - Проверка лицензии e47f49d7... на HWID CRAFT-B6DD50B6A9C5A349F55F
2026-02-10 01:01:23,373 - license_client - INFO - Лицензия сохранена
2026-02-10 01:01:23,379 - license_client - INFO - Лицензия действительна
2026-02-10 01:01:23,385 - license_client - INFO - Лицензия сохранена
2026-02-10 01:02:23,398 - license_client - INFO - Проверка лицензии e47f49d7... на HWID CRAFT-B6DD50B6A9C5A349F55F
2026-02-10 01:02:23,548 - license_client - INFO - Лицензия сохранена
2026-02-10 01:02:23,553 - license_client - INFO - Лицензия действительна
2026-02-10 01:02:23,569 - license_client - INFO - Лицензия сохранена
2026-02-10 01:03:23,591 - license_client - INFO - Проверка лицензии e47f49d7... на HWID CRAFT-B6DD50B6A9C5A349F55F
2026-02-10 01:03:23,751 - license_client - INFO - Лицензия сохранена
2026-02-10 01:03:23,762 - license_client - INFO - Лицензия действительна
2026-02-10 01:03:23,769 - license_client - INFO - Лицензия сохранена
2026-02-10 01:04:23,779 - license_client - INFO - Проверка лицензии e47f49d7... на HWID CRAFT-B6DD50B6A9C5A349F55F
2026-02-10 01:04:23,935 - license_client - INFO - Лицензия сохранена
2026-02-10 01:04:23,944 - license_client - INFO - Лицензия действительна
2026-02-10 01:04:23,953 - license_client - INFO - Лицензия сохранена
2026-02-10 01:05:23,961 - license_client - INFO - Проверка лицензии e47f49d7... на HWID CRAFT-B6DD50B6A9C5A349F55F
2026-02-10 01:05:24,182 - license_client - INFO - Лицензия сохранена
2026-02-10 01:05:24,191 - license_client - INFO - Лицензия действительна
2026-02-10 01:05:24,201 - license_client - INFO - Лицензия сохранена
2026-02-10 01:06:24,216 - license_client - INFO - Проверка лицензии e47f49d7... на HWID CRAFT-B6DD50B6A9C5A349F55F
2026-02-10 01:06:24,356 - license_client - INFO - Лицензия сохранена
2026-02-10 01:06:24,361 - license_client - INFO - Лицензия действительна
2026-02-10 01:06:24,367 - license_client - INFO - Лицензия сохранена
2026-02-10 01:07:24,386 - license_client - INFO - Проверка лицензии e47f49d7... на HWID CRAFT-B6DD50B6A9C5A349F55F
2026-02-10 01:07:24,541 - license_client - INFO - Лицензия сохранена
2026-02-10 01:07:24,546 - license_client - INFO - Лицензия действительна
2026-02-10 01:07:24,552 - license_client - INFO - Лицензия сохранена
2026-02-10 01:08:24,564 - license_client - INFO - Проверка лицензии e47f49d7... на HWID CRAFT-B6DD50B6A9C5A349F55F
2026-02-10 01:08:24,874 - license_client - INFO - Лицензия сохранена
2026-02-10 01:08:24,877 - license_client - INFO - Лицензия действительна
2026-02-10 01:08:24,884 - license_client - INFO - Лицензия сохранена
2026-02-10 01:09:24,901 - license_client - INFO - Проверка лицензии e47f49d7... на HWID CRAFT-B6DD50B6A9C5A349F55F
2026-02-10 01:09:25,123 - license_client - INFO - Лицензия сохранена
2026-02-10 01:09:25,155 - license_client - INFO - Лицензия действительна
2026-02-10 01:09:25,160 - license_client - INFO - Лицензия сохранена
2026-02-10 01:10:25,171 - license_client - INFO - Проверка лицензии e47f49d7... на HWID CRAFT-B6DD50B6A9C5A349F55F
2026-02-10 01:10:25,468 - license_client - INFO - Лицензия сохранена
2026-02-10 01:10:25,533 - license_client - INFO - Лицензия действительна
2026-02-10 01:10:25,539 - license_client - INFO - Лицензия сохранена
2026-02-10 01:11:25,557 - license_client - INFO - Проверка лицензии e47f49d7... на HWID CRAFT-B6DD50B6A9C5A349F55F
2026-02-10 01:11:25,764 - license_client - INFO - Лицензия сохранена
2026-02-10 01:11:25,828 - license_client - INFO - Лицензия действительна
2026-02-10 01:11:25,833 - license_client - INFO - Лицензия сохранена
2026-02-10 01:12:25,844 - license_client - INFO - Проверка лицензии e47f49d7... на HWID CRAFT-B6DD50B6A9C5A349F55F
2026-02-10 01:12:26,101 - license_client - INFO - Лицензия сохранена
2026-02-10 01:12:26,161 - license_client - INFO - Лицензия действительна
2026-02-10 01:12:26,172 - license_client - INFO - Лицензия сохранена
2026-02-10 01:13:26,203 - license_client - INFO - Проверка лицензии e47f49d7... на HWID CRAFT-B6DD50B6A9C5A349F55F
2026-02-10 01:13:26,323 - license_client - INFO - Лицензия сохранена
2026-02-10 01:13:26,326 - license_client - INFO - Лицензия действительна
2026-02-10 01:13:26,335 - license_client - INFO - Лицензия сохранена
2026-02-10 01:14:26,346 - license_client - INFO - Проверка лицензии e47f49d7... на HWID CRAFT-B6DD50B6A9C5A349F55F
2026-02-10 01:14:26,527 - license_client - INFO - Лицензия сохранена
2026-02-10 01:14:26,533 - license_client - INFO - Лицензия действительна
2026-02-10 01:14:26,547 - license_client - INFO - Лицензия сохранена
2026-02-10 01:15:26,561 - license_client - INFO - Проверка лицензии e47f49d7... на HWID CRAFT-B6DD50B6A9C5A349F55F
2026-02-10 01:15:26,771 - license_client - INFO - Лицензия сохранена
2026-02-10 01:15:26,777 - license_client - INFO - Лицензия действительна
2026-02-10 01:15:26,787 - license_client - INFO - Лицензия сохранена
2026-02-10 01:16:26,807 - license_client - INFO - Проверка лицензии e47f49d7... на HWID CRAFT-B6DD50B6A9C5A349F55F
2026-02-10 01:16:26,920 - license_client - INFO - Лицензия сохранена
2026-02-10 01:16:26,936 - license_client - INFO - Лицензия действительна
2026-02-10 01:16:26,940 - license_client - INFO - Лицензия сохранена
2026-02-10 01:17:26,958 - license_client - INFO - Проверка лицензии e47f49d7... на HWID CRAFT-B6DD50B6A9C5A349F55F
2026-02-10 01:17:27,109 - license_client - INFO - Лицензия сохранена
2026-02-10 01:17:27,114 - license_client - INFO - Лицензия действительна
2026-02-10 01:17:27,122 - license_client - INFO - Лицензия сохранена
2026-02-10 01:18:27,134 - license_client - INFO - Проверка лицензии e47f49d7... на HWID CRAFT-B6DD50B6A9C5A349F55F
2026-02-10 01:18:27,365 - license_client - INFO - Лицензия сохранена
2026-02-10 01:18:27,368 - license_client - INFO - Лицензия действительна
2026-02-10 01:18:27,381 - license_client - INFO - Лицензия сохранена
2026-02-10 01:19:27,391 - license_client - INFO - Проверка лицензии e47f49d7... на HWID CRAFT-B6DD50B6A9C5A349F55F
2026-02-10 01:19:27,533 - license_client - INFO - Лицензия сохранена
2026-02-10 01:19:27,538 - license_client - INFO - Лицензия действительна
2026-02-10 01:19:27,543 - license_client - INFO - Лицензия сохранена
2026-02-10 01:20:27,551 - license_client - INFO - Проверка лицензии e47f49d7... на HWID CRAFT-B6DD50B6A9C5A349F55F
2026-02-10 01:20:27,737 - license_client - INFO - Лицензия сохранена
2026-02-10 01:20:27,741 - license_client - INFO - Лицензия действительна
2026-02-10 01:20:27,748 - license_client - INFO - Лицензия сохранена
2026-02-10 01:21:27,767 - license_client - INFO - Проверка лицензии e47f49d7... на HWID CRAFT-B6DD50B6A9C5A349F55F
2026-02-10 01:21:27,997 - license_client - INFO - Лицензия сохранена
2026-02-10 01:21:28,001 - license_client - INFO - Лицензия действительна
2026-02-10 01:21:28,009 - license_client - INFO - Лицензия сохранена
2026-02-10 01:22:28,015 - license_client - INFO - Проверка лицензии e47f49d7... на HWID CRAFT-B6DD50B6A9C5A349F55F
2026-02-10 01:22:28,147 - license_client - INFO - Лицензия сохранена
2026-02-10 01:22:28,151 - license_client - INFO - Лицензия действительна
2026-02-10 01:22:28,158 - license_client - INFO - Лицензия сохранена
2026-02-10 01:23:28,175 - license_client - INFO - Проверка лицензии e47f49d7... на HWID CRAFT-B6DD50B6A9C5A349F55F
2026-02-10 01:23:28,313 - license_client - INFO - Лицензия сохранена
2026-02-10 01:23:28,318 - license_client - INFO - Лицензия действительна
2026-02-10 01:23:28,325 - license_client - INFO - Лицензия сохранена
2026-02-10 01:24:28,335 - license_client - INFO - Проверка лицензии e47f49d7... на HWID CRAFT-B6DD50B6A9C5A349F55F
2026-02-10 01:24:28,575 - license_client - INFO - Лицензия сохранена
2026-02-10 01:24:28,579 - license_client - INFO - Лицензия действительна
2026-02-10 01:24:28,587 - license_client - INFO - Лицензия сохранена
2026-02-10 01:25:28,596 - license_client - INFO - Проверка лицензии e47f49d7... на HWID CRAFT-B6DD50B6A9C5A349F55F
2026-02-10 01:25:28,719 - license_client - INFO - Лицензия сохранена
2026-02-10 01:25:28,734 - license_client - INFO - Лицензия действительна
2026-02-10 01:25:28,744 - license_client - INFO - Лицензия сохранена
2026-02-10 01:26:28,761 - license_client - INFO - Проверка лицензии e47f49d7... на HWID CRAFT-B6DD50B6A9C5A349F55F
2026-02-10 01:26:28,925 - license_client - INFO - Лицензия сохранена
2026-02-10 01:26:28,934 - license_client - INFO - Лицензия действительна
2026-02-10 01:26:28,939 - license_client - INFO - Лицензия сохранена
2026-02-10 01:27:28,957 - license_client - INFO - Проверка лицензии e47f49d7... на HWID CRAFT-B6DD50B6A9C5A349F55F
2026-02-10 01:27:29,085 - license_client - INFO - Лицензия сохранена
2026-02-10 01:27:29,091 - license_client - INFO - Лицензия действительна
2026-02-10 01:27:29,096 - license_client - INFO - Лицензия сохранена
2026-02-10 01:28:29,109 - license_client - INFO - Проверка лицензии e47f49d7... на HWID CRAFT-B6DD50B6A9C5A349F55F
2026-02-10 01:28:29,261 - license_client - INFO - Лицензия сохранена
2026-02-10 01:28:29,265 - license_client - INFO - Лицензия действительна
2026-02-10 01:28:29,272 - license_client - INFO - Лицензия сохранена
2026-02-10 01:29:29,290 - license_client - INFO - Проверка лицензии e47f49d7... на HWID CRAFT-B6DD50B6A9C5A349F55F
2026-02-10 01:29:29,436 - license_client - INFO - Лицензия сохранена
2026-02-10 01:29:29,452 - license_client - INFO - Лицензия действительна
2026-02-10 01:29:29,461 - license_client - INFO - Лицензия сохранена
2026-02-10 01:30:29,476 - license_client - INFO - Проверка лицензии e47f49d7... на HWID CRAFT-B6DD50B6A9C5A349F55F
2026-02-10 01:30:29,680 - license_client - INFO - Лицензия сохранена
2026-02-10 01:30:29,684 - license_client - INFO - Лицензия действительна
2026-02-10 01:30:29,694 - license_client - INFO - Лицензия сохранена
2026-02-10 01:31:29,708 - license_client - INFO - Проверка лицензии e47f49d7... на HWID CRAFT-B6DD50B6A9C5A349F55F
2026-02-10 01:31:29,854 - license_client - INFO - Лицензия сохранена
2026-02-10 01:31:29,858 - license_client - INFO - Лицензия действительна
2026-02-10 01:31:29,865 - license_client - INFO - Лицензия сохранена
2026-02-10 01:32:29,872 - license_client - INFO - Проверка лицензии e47f49d7... на HWID CRAFT-B6DD50B6A9C5A349F55F
2026-02-10 01:32:30,007 - license_client - INFO - Лицензия сохранена
2026-02-10 01:32:30,010 - license_client - INFO - Лицензия действительна
2026-02-10 01:32:30,019 - license_client - INFO - Лицензия сохранена
2026-02-10 01:33:30,037 - license_client - INFO - Проверка лицензии e47f49d7... на HWID CRAFT-B6DD50B6A9C5A349F55F
2026-02-10 01:33:31,157 - license_client - INFO - Лицензия сохранена
2026-02-10 01:33:31,170 - license_client - INFO - Лицензия действительна
2026-02-10 01:33:31,176 - license_client - INFO - Лицензия сохранена
2026-02-10 01:34:31,197 - license_client - INFO - Проверка лицензии e47f49d7... на HWID CRAFT-B6DD50B6A9C5A349F55F
2026-02-10 01:34:31,325 - license_client - INFO - Лицензия сохранена
2026-02-10 01:34:31,339 - license_client - INFO - Лицензия действительна
2026-02-10 01:34:31,348 - license_client - INFO - Лицензия сохранена
2026-02-10 01:35:31,358 - license_client - INFO - Проверка лицензии e47f49d7... на HWID CRAFT-B6DD50B6A9C5A349F55F
2026-02-10 01:35:31,592 - license_client - INFO - Лицензия сохранена
2026-02-10 01:35:31,637 - license_client - INFO - Лицензия действительна
2026-02-10 01:35:31,642 - license_client - INFO - Лицензия сохранена
2026-02-10 01:36:31,660 - license_client - INFO - Проверка лицензии e47f49d7... на HWID CRAFT-B6DD50B6A9C5A349F55F
2026-02-10 01:36:31,836 - license_client - INFO - Лицензия сохранена
2026-02-10 01:36:31,840 - license_client - INFO - Лицензия действительна
2026-02-10 01:36:31,846 - license_client - INFO - Лицензия сохранена
2026-02-10 01:37:31,853 - license_client - INFO - Проверка лицензии e47f49d7... на HWID CRAFT-B6DD50B6A9C5A349F55F
2026-02-10 01:37:32,018 - license_client - INFO - Лицензия сохранена
2026-02-10 01:37:32,029 - license_client - INFO - Лицензия действительна
2026-02-10 01:37:32,037 - license_client - INFO - Лицензия сохранена
2026-02-10 01:38:32,046 - license_client - INFO - Проверка лицензии e47f49d7... на HWID CRAFT-B6DD50B6A9C5A349F55F
2026-02-10 01:38:32,251 - license_client - INFO - Лицензия сохранена
2026-02-10 01:38:32,255 - license_client - INFO - Лицензия действительна
2026-02-10 01:38:32,262 - license_client - INFO - Лицензия сохранена
2026-02-10 01:39:32,275 - license_client - INFO - Проверка лицензии e47f49d7... на HWID CRAFT-B6DD50B6A9C5A349F55F
2026-02-10 01:39:32,410 - license_client - INFO - Лицензия сохранена
2026-02-10 01:39:32,421 - license_client - INFO - Лицензия действительна
2026-02-10 01:39:32,426 - license_client - INFO - Лицензия сохранена
2026-02-10 01:40:32,438 - license_client - INFO - Проверка лицензии e47f49d7... на HWID CRAFT-B6DD50B6A9C5A349F55F
2026-02-10 01:40:32,580 - license_client - INFO - Лицензия сохранена
2026-02-10 01:40:32,598 - license_client - INFO - Лицензия действительна
2026-02-10 01:40:32,602 - license_client - INFO - Лицензия сохранена
2026-02-10 01:41:32,611 - license_client - INFO - Проверка лицензии e47f49d7... на HWID CRAFT-B6DD50B6A9C5A349F55F
2026-02-10 01:41:32,813 - license_client - INFO - Лицензия сохранена
2026-02-10 01:41:32,818 - license_client - INFO - Лицензия действительна
2026-02-10 01:41:32,824 - license_client - INFO - Лицензия сохранена
2026-02-10 01:42:32,835 - license_client - INFO - Проверка лицензии e47f49d7... на HWID CRAFT-B6DD50B6A9C5A349F55F
2026-02-10 01:42:32,969 - license_client - INFO - Лицензия сохранена
2026-02-10 01:42:32,980 - license_client - INFO - Лицензия действительна
2026-02-10 01:42:32,991 - license_client - INFO - Лицензия сохранена
2026-02-10 01:43:32,997 - license_client - INFO - Проверка лицензии e47f49d7... на HWID CRAFT-B6DD50B6A9C5A349F55F
2026-02-10 01:43:33,153 - license_client - INFO - Лицензия сохранена
2026-02-10 01:43:33,171 - license_client - INFO - Лицензия действительна
2026-02-10 01:43:33,175 - license_client - INFO - Лицензия сохранена
2026-02-10 01:44:33,194 - license_client - INFO - Проверка лицензии e47f49d7... на HWID CRAFT-B6DD50B6A9C5A349F55F
2026-02-10 01:44:33,336 - license_client - INFO - Лицензия сохранена
2026-02-10 01:44:33,354 - license_client - INFO - Лицензия действительна
2026-02-10 01:44:33,434 - license_client - INFO - Лицензия сохранена
2026-02-10 01:45:33,489 - license_client - INFO - Проверка лицензии e47f49d7... на HWID CRAFT-B6DD50B6A9C5A349F55F
2026-02-10 01:45:33,644 - license_client - INFO - Лицензия сохранена
2026-02-10 01:45:33,649 - license_client - INFO - Лицензия действительна
2026-02-10 01:45:33,655 - license_client - INFO - Лицензия сохранена
2026-02-10 01:46:33,663 - license_client - INFO - Проверка лицензии e47f49d7... на HWID CRAFT-B6DD50B6A9C5A349F55F
2026-02-10 01:46:33,845 - license_client - INFO - Лицензия сохранена
2026-02-10 01:46:33,855 - license_client - INFO - Лицензия действительна
2026-02-10 01:46:33,864 - license_client - INFO - Лицензия сохранена
2026-02-10 01:47:33,883 - license_client - INFO - Проверка лицензии e47f49d7... на HWID CRAFT-B6DD50B6A9C5A349F55F
2026-02-10 01:47:34,042 - license_client - INFO - Лицензия сохранена
2026-02-10 01:47:34,048 - license_client - INFO - Лицензия действительна
2026-02-10 01:47:34,054 - license_client - INFO - Лицензия сохранена
2026-02-10 01:48:34,069 - license_client - INFO - Проверка лицензии e47f49d7... на HWID CRAFT-B6DD50B6A9C5A349F55F
2026-02-10 01:48:34,205 - license_client - INFO - Лицензия сохранена
2026-02-10 01:48:34,215 - license_client - INFO - Лицензия действительна
2026-02-10 01:48:34,221 - license_client - INFO - Лицензия сохранена
2026-02-10 01:49:34,233 - license_client - INFO - Проверка лицензии e47f49d7... на HWID CRAFT-B6DD50B6A9C5A349F55F
2026-02-10 01:49:34,417 - license_client - INFO - Лицензия сохранена
2026-02-10 01:49:34,425 - license_client - INFO - Лицензия действительна
2026-02-10 01:49:34,433 - license_client - INFO - Лицензия сохранена
2026-02-10 01:50:34,441 - license_client - INFO - Проверка лицензии e47f49d7... на HWID CRAFT-B6DD50B6A9C5A349F55F
2026-02-10 01:50:34,567 - license_client - INFO - Лицензия сохранена
2026-02-10 01:50:34,570 - license_client - INFO - Лицензия действительна
2026-02-10 01:50:34,578 - license_client - INFO - Лицензия сохранена
2026-02-10 01:51:34,599 - license_client - INFO - Проверка лицензии e47f49d7... на HWID CRAFT-B6DD50B6A9C5A349F55F
2026-02-10 01:51:34,746 - license_client - INFO - Лицензия сохранена
2026-02-10 01:51:34,754 - license_client - INFO - Лицензия действительна
2026-02-10 01:51:34,759 - license_client - INFO - Лицензия сохранена
2026-02-10 01:52:34,768 - license_client - INFO - Проверка лицензии e47f49d7... на HWID CRAFT-B6DD50B6A9C5A349F55F
2026-02-10 01:52:34,918 - license_client - INFO - Лицензия сохранена
2026-02-10 01:52:34,923 - license_client - INFO - Лицензия действительна
2026-02-10 01:52:34,930 - license_client - INFO - Лицензия сохранена
2026-02-10 01:53:34,941 - license_client - INFO - Проверка лицензии e47f49d7... на HWID CRAFT-B6DD50B6A9C5A349F55F
2026-02-10 01:53:35,104 - license_client - INFO - Лицензия сохранена
2026-02-10 01:53:35,108 - license_client - INFO - Лицензия действительна
2026-02-10 01:53:35,115 - license_client - INFO - Лицензия сохранена
2026-02-10 01:54:35,129 - license_client - INFO - Проверка лицензии e47f49d7... на HWID CRAFT-B6DD50B6A9C5A349F55F
2026-02-10 01:54:35,261 - license_client - INFO - Лицензия сохранена
2026-02-10 01:54:35,267 - license_client - INFO - Лицензия действительна
2026-02-10 01:54:35,277 - license_client - INFO - Лицензия сохранена
2026-02-10 01:55:35,297 - license_client - INFO - Проверка лицензии e47f49d7... на HWID CRAFT-B6DD50B6A9C5A349F55F
2026-02-10 01:55:35,403 - license_client - INFO - Лицензия сохранена
2026-02-10 01:55:35,424 - license_client - INFO - Лицензия действительна
2026-02-10 01:55:35,429 - license_client - INFO - Лицензия сохранена
2026-02-10 01:56:35,446 - license_client - INFO - Проверка лицензии e47f49d7... на HWID CRAFT-B6DD50B6A9C5A349F55F
2026-02-10 01:56:35,558 - license_client - INFO - Лицензия сохранена
2026-02-10 01:56:35,577 - license_client - INFO - Лицензия действительна
2026-02-10 01:56:35,586 - license_client - INFO - Лицензия сохранена
2026-02-10 01:57:35,608 - license_client - INFO - Проверка лицензии e47f49d7... на HWID CRAFT-B6DD50B6A9C5A349F55F
2026-02-10 01:57:35,724 - license_client - INFO - Лицензия сохранена
2026-02-10 01:57:35,730 - license_client - INFO - Лицензия действительна
2026-02-10 01:57:35,739 - license_client - INFO - Лицензия сохранена
2026-02-10 01:58:35,759 - license_client - INFO - Проверка лицензии e47f49d7... на HWID CRAFT-B6DD50B6A9C5A349F55F
2026-02-10 01:58:35,869 - license_client - INFO - Лицензия сохранена
2026-02-10 01:58:35,887 - license_client - INFO - Лицензия действительна
2026-02-10 01:58:35,890 - license_client - INFO - Лицензия сохранена
2026-02-10 01:59:35,909 - license_client - INFO - Проверка лицензии e47f49d7... на HWID CRAFT-B6DD50B6A9C5A349F55F
2026-02-10 01:59:36,052 - license_client - INFO - Лицензия сохранена
2026-02-10 01:59:36,056 - license_client - INFO - Лицензия действительна
2026-02-10 01:59:36,063 - license_client - INFO - Лицензия сохранена
2026-02-10 02:00:36,070 - license_client - INFO - Проверка лицензии e47f49d7... на HWID CRAFT-B6DD50B6A9C5A349F55F
2026-02-10 02:00:36,250 - license_client - INFO - Лицензия сохранена
2026-02-10 02:00:36,255 - license_client - INFO - Лицензия действительна
2026-02-10 02:00:36,262 - license_client - INFO - Лицензия сохранена
2026-02-10 02:01:36,278 - license_client - INFO - Проверка лицензии e47f49d7... на HWID CRAFT-B6DD50B6A9C5A349F55F
2026-02-10 02:01:36,442 - license_client - INFO - Лицензия сохранена
2026-02-10 02:01:36,455 - license_client - INFO - Лицензия действительна
2026-02-10 02:01:36,473 - license_client - INFO - Лицензия сохранена
2026-02-10 02:02:36,483 - license_client - INFO - Проверка лицензии e47f49d7... на HWID CRAFT-B6DD50B6A9C5A349F55F
2026-02-10 02:02:36,621 - license_client - INFO - Лицензия сохранена
2026-02-10 02:02:36,626 - license_client - INFO - Лицензия действительна
2026-02-10 02:02:36,634 - license_client - INFO - Лицензия сохранена
2026-02-10 02:03:36,642 - license_client - INFO - Проверка лицензии e47f49d7... на HWID CRAFT-B6DD50B6A9C5A349F55F
2026-02-10 02:03:36,782 - license_client - INFO - Лицензия сохранена
2026-02-10 02:03:36,790 - license_client - INFO - Лицензия действительна
2026-02-10 02:03:36,796 - license_client - INFO - Лицензия сохранена
2026-02-10 02:04:36,817 - license_client - INFO - Проверка лицензии e47f49d7... на HWID CRAFT-B6DD50B6A9C5A349F55F
2026-02-10 02:04:36,997 - license_client - INFO - Лицензия сохранена
2026-02-10 02:04:37,001 - license_client - INFO - Лицензия действительна
2026-02-10 02:04:37,007 - license_client - INFO - Лицензия сохранена
2026-02-10 02:05:37,018 - license_client - INFO - Проверка лицензии e47f49d7... на HWID CRAFT-B6DD50B6A9C5A349F55F
2026-02-10 02:05:37,202 - license_client - INFO - Лицензия сохранена
2026-02-10 02:05:37,208 - license_client - INFO - Лицензия действительна
2026-02-10 02:05:37,218 - license_client - INFO - Лицензия сохранена
2026-02-10 02:06:37,231 - license_client - INFO - Проверка лицензии e47f49d7... на HWID CRAFT-B6DD50B6A9C5A349F55F
2026-02-10 02:06:37,353 - license_client - INFO - Лицензия сохранена
2026-02-10 02:06:37,360 - license_client - INFO - Лицензия действительна
2026-02-10 02:06:37,367 - license_client - INFO - Лицензия сохранена
2026-02-10 02:07:37,386 - license_client - INFO - Проверка лицензии e47f49d7... на HWID CRAFT-B6DD50B6A9C5A349F55F
2026-02-10 02:07:37,537 - license_client - INFO - Лицензия сохранена
2026-02-10 02:07:37,541 - license_client - INFO - Лицензия действительна
2026-02-10 02:07:37,555 - license_client - INFO - Лицензия сохранена
2026-02-10 02:08:37,575 - license_client - INFO - Проверка лицензии e47f49d7... на HWID CRAFT-B6DD50B6A9C5A349F55F
2026-02-10 02:08:37,727 - license_client - INFO - Лицензия сохранена
2026-02-10 02:08:37,737 - license_client - INFO - Лицензия действительна
2026-02-10 02:08:37,742 - license_client - INFO - Лицензия сохранена
2026-02-10 02:09:37,747 - license_client - INFO - Проверка лицензии e47f49d7... на HWID CRAFT-B6DD50B6A9C5A349F55F
2026-02-10 02:09:37,920 - license_client - INFO - Лицензия сохранена
2026-02-10 02:09:37,923 - license_client - INFO - Лицензия действительна
2026-02-10 02:09:37,930 - license_client - INFO - Лицензия сохранена
2026-02-10 02:10:37,948 - license_client - INFO - Проверка лицензии e47f49d7... на HWID CRAFT-B6DD50B6A9C5A349F55F
2026-02-10 02:10:38,055 - license_client - INFO - Лицензия сохранена
2026-02-10 02:10:38,076 - license_client - INFO - Лицензия действительна
2026-02-10 02:10:38,080 - license_client - INFO - Лицензия сохранена
2026-02-10 02:11:38,094 - license_client - INFO - Проверка лицензии e47f49d7... на HWID CRAFT-B6DD50B6A9C5A349F55F
2026-02-10 02:11:38,277 - license_client - INFO - Лицензия сохранена
2026-02-10 02:11:38,280 - license_client - INFO - Лицензия действительна
2026-02-10 02:11:38,288 - license_client - INFO - Лицензия сохранена
2026-02-10 02:12:38,308 - license_client - INFO - Проверка лицензии e47f49d7... на HWID CRAFT-B6DD50B6A9C5A349F55F
2026-02-10 02:12:38,432 - license_client - INFO - Лицензия сохранена
2026-02-10 02:12:38,435 - license_client - INFO - Лицензия действительна
2026-02-10 02:12:38,441 - license_client - INFO - Лицензия сохранена
2026-02-10 02:13:38,459 - license_client - INFO - Проверка лицензии e47f49d7... на HWID CRAFT-B6DD50B6A9C5A349F55F
2026-02-10 02:13:38,597 - license_client - INFO - Лицензия сохранена
2026-02-10 02:13:38,601 - license_client - INFO - Лицензия действительна
2026-02-10 02:13:38,608 - license_client - INFO - Лицензия сохранена
2026-02-10 02:14:38,622 - license_client - INFO - Проверка лицензии e47f49d7... на HWID CRAFT-B6DD50B6A9C5A349F55F
2026-02-10 02:14:38,759 - license_client - INFO - Лицензия сохранена
2026-02-10 02:14:38,763 - license_client - INFO - Лицензия действительна
2026-02-10 02:14:38,773 - license_client - INFO - Лицензия сохранена
2026-02-10 02:15:38,789 - license_client - INFO - Проверка лицензии e47f49d7... на HWID CRAFT-B6DD50B6A9C5A349F55F
2026-02-10 02:15:38,927 - license_client - INFO - Лицензия сохранена
2026-02-10 02:15:38,934 - license_client - INFO - Лицензия действительна
2026-02-10 02:15:38,942 - license_client - INFO - Лицензия сохранена
2026-02-10 02:16:38,960 - license_client - INFO - Проверка лицензии e47f49d7... на HWID CRAFT-B6DD50B6A9C5A349F55F
2026-02-10 02:16:39,094 - license_client - INFO - Лицензия сохранена
2026-02-10 02:16:39,098 - license_client - INFO - Лицензия действительна
2026-02-10 02:16:39,106 - license_client - INFO - Лицензия сохранена
2026-02-10 02:17:39,127 - license_client - INFO - Проверка лицензии e47f49d7... на HWID CRAFT-B6DD50B6A9C5A349F55F
2026-02-10 02:17:39,283 - license_client - INFO - Лицензия сохранена
2026-02-10 02:17:39,295 - license_client - INFO - Лицензия действительна
2026-02-10 02:17:39,299 - license_client - INFO - Лицензия сохранена
2026-02-10 02:18:39,316 - license_client - INFO - Проверка лицензии e47f49d7... на HWID CRAFT-B6DD50B6A9C5A349F55F
2026-02-10 02:18:39,429 - license_client - INFO - Лицензия сохранена
2026-02-10 02:18:39,463 - license_client - INFO - Лицензия действительна
2026-02-10 02:18:39,467 - license_client - INFO - Лицензия сохранена
2026-02-10 02:19:39,476 - license_client - INFO - Проверка лицензии e47f49d7... на HWID CRAFT-B6DD50B6A9C5A349F55F
2026-02-10 02:19:39,637 - license_client - INFO - Лицензия сохранена
2026-02-10 02:19:39,651 - license_client - INFO - Лицензия действительна
2026-02-10 02:19:39,657 - license_client - INFO - Лицензия сохранена
2026-02-10 02:20:39,675 - license_client - INFO - Проверка лицензии e47f49d7... на HWID CRAFT-B6DD50B6A9C5A349F55F
2026-02-10 02:20:39,788 - license_client - INFO - Лицензия сохранена
2026-02-10 02:20:39,792 - license_client - INFO - Лицензия действительна
2026-02-10 02:20:39,800 - license_client - INFO - Лицензия сохранена
2026-02-10 02:21:39,805 - license_client - INFO - Проверка лицензии e47f49d7... на HWID CRAFT-B6DD50B6A9C5A349F55F
2026-02-10 02:21:39,920 - license_client - INFO - Лицензия сохранена
2026-02-10 02:21:39,934 - license_client - INFO - Лицензия действительна
2026-02-10 02:21:39,938 - license_client - INFO - Лицензия сохранена
2026-02-10 02:22:39,947 - license_client - INFO - Проверка лицензии e47f49d7... на HWID CRAFT-B6DD50B6A9C5A349F55F
2026-02-10 02:22:40,061 - license_client - INFO - Лицензия сохранена
2026-02-10 02:22:40,072 - license_client - INFO - Лицензия действительна
2026-02-10 02:22:40,080 - license_client - INFO - Лицензия сохранена
2026-02-10 02:23:40,090 - license_client - INFO - Проверка лицензии e47f49d7... на HWID CRAFT-B6DD50B6A9C5A349F55F
2026-02-10 02:23:40,208 - license_client - INFO - Лицензия сохранена
2026-02-10 02:23:40,213 - license_client - INFO - Лицензия действительна
2026-02-10 02:23:40,222 - license_client - INFO - Лицензия сохранена
2026-02-10 02:24:40,238 - license_client - INFO - Проверка лицензии e47f49d7... на HWID CRAFT-B6DD50B6A9C5A349F55F
2026-02-10 02:24:40,352 - license_client - INFO - Лицензия сохранена
2026-02-10 02:24:40,356 - license_client - INFO - Лицензия действительна
2026-02-10 02:24:40,363 - license_client - INFO - Лицензия сохранена
2026-02-10 02:25:40,386 - license_client - INFO - Проверка лицензии e47f49d7... на HWID CRAFT-B6DD50B6A9C5A349F55F
2026-02-10 02:25:40,576 - license_client - INFO - Лицензия сохранена
2026-02-10 02:25:40,580 - license_client - INFO - Лицензия действительна
2026-02-10 02:25:40,587 - license_client - INFO - Лицензия сохранена
2026-02-10 02:26:40,611 - license_client - INFO - Проверка лицензии e47f49d7... на HWID CRAFT-B6DD50B6A9C5A349F55F
2026-02-10 02:26:40,738 - license_client - INFO - Лицензия сохранена
2026-02-10 02:26:40,755 - license_client - INFO - Лицензия действительна
2026-02-10 02:26:40,764 - license_client - INFO - Лицензия сохранена
2026-02-10 02:27:40,787 - license_client - INFO - Проверка лицензии e47f49d7... на HWID CRAFT-B6DD50B6A9C5A349F55F
2026-02-10 02:27:40,900 - license_client - INFO - Лицензия сохранена
2026-02-10 02:27:40,916 - license_client - INFO - Лицензия действительна
2026-02-10 02:27:40,921 - license_client - INFO - Лицензия сохранена
2026-02-10 02:28:40,938 - license_client - INFO - Проверка лицензии e47f49d7... на HWID CRAFT-B6DD50B6A9C5A349F55F
2026-02-10 02:28:41,115 - license_client - INFO - Лицензия сохранена
2026-02-10 02:28:41,119 - license_client - INFO - Лицензия действительна
2026-02-10 02:28:41,125 - license_client - INFO - Лицензия сохранена
2026-02-10 02:29:41,134 - license_client - INFO - Проверка лицензии e47f49d7... на HWID CRAFT-B6DD50B6A9C5A349F55F
2026-02-10 02:29:41,315 - license_client - INFO - Лицензия сохранена
2026-02-10 02:29:41,319 - license_client - INFO - Лицензия действительна
2026-02-10 02:29:41,326 - license_client - INFO - Лицензия сохранена
2026-02-10 02:30:41,337 - license_client - INFO - Проверка лицензии e47f49d7... на HWID CRAFT-B6DD50B6A9C5A349F55F
2026-02-10 02:30:41,454 - license_client - INFO - Лицензия сохранена
2026-02-10 02:30:41,469 - license_client - INFO - Лицензия действительна
2026-02-10 02:30:41,472 - license_client - INFO - Лицензия сохранена
2026-02-10 02:31:41,480 - license_client - INFO - Проверка лицензии e47f49d7... на HWID CRAFT-B6DD50B6A9C5A349F55F
2026-02-10 02:31:41,618 - license_client - INFO - Лицензия сохранена
2026-02-10 02:31:41,626 - license_client - INFO - Лицензия действительна
2026-02-10 02:31:41,634 - license_client - INFO - Лицензия сохранена
2026-02-10 02:32:41,646 - license_client - INFO - Проверка лицензии e47f49d7... на HWID CRAFT-B6DD50B6A9C5A349F55F
2026-02-10 02:32:41,780 - license_client - INFO - Лицензия сохранена
2026-02-10 02:32:41,784 - license_client - INFO - Лицензия действительна
2026-02-10 02:32:41,792 - license_client - INFO - Лицензия сохранена
2026-02-10 02:33:41,798 - license_client - INFO - Проверка лицензии e47f49d7... на HWID CRAFT-B6DD50B6A9C5A349F55F
2026-02-10 02:33:41,976 - license_client - INFO - Лицензия сохранена
2026-02-10 02:33:41,982 - license_client - INFO - Лицензия действительна
2026-02-10 02:33:41,990 - license_client - INFO - Лицензия сохранена
2026-02-10 02:34:42,000 - license_client - INFO - Проверка лицензии e47f49d7... на HWID CRAFT-B6DD50B6A9C5A349F55F
2026-02-10 02:34:42,121 - license_client - INFO - Лицензия сохранена
2026-02-10 02:34:42,137 - license_client - INFO - Лицензия действительна
2026-02-10 02:34:42,142 - license_client - INFO - Лицензия сохранена
2026-02-10 02:35:42,152 - license_client - INFO - Проверка лицензии e47f49d7... на HWID CRAFT-B6DD50B6A9C5A349F55F
2026-02-10 02:35:42,325 - license_client - INFO - Лицензия сохранена
2026-02-10 02:35:42,329 - license_client - INFO - Лицензия действительна
2026-02-10 02:35:42,337 - license_client - INFO - Лицензия сохранена
2026-02-10 02:36:42,356 - license_client - INFO - Проверка лицензии e47f49d7... на HWID CRAFT-B6DD50B6A9C5A349F55F
2026-02-10 02:36:42,470 - license_client - INFO - Лицензия сохранена
2026-02-10 02:36:42,483 - license_client - INFO - Лицензия действительна
2026-02-10 02:36:42,487 - license_client - INFO - Лицензия сохранена
2026-02-10 02:37:42,505 - license_client - INFO - Проверка лицензии e47f49d7... на HWID CRAFT-B6DD50B6A9C5A349F55F
2026-02-10 02:37:42,642 - license_client - INFO - Лицензия сохранена
2026-02-10 02:37:42,663 - license_client - INFO - Лицензия действительна
2026-02-10 02:37:42,667 - license_client - INFO - Лицензия сохранена
2026-02-10 02:38:42,678 - license_client - INFO - Проверка лицензии e47f49d7... на HWID CRAFT-B6DD50B6A9C5A349F55F
2026-02-10 02:38:42,802 - license_client - INFO - Лицензия сохранена
2026-02-10 02:38:42,805 - license_client - INFO - Лицензия действительна
2026-02-10 02:38:42,812 - license_client - INFO - Лицензия сохранена
2026-02-10 02:39:42,816 - license_client - INFO - Проверка лицензии e47f49d7... на HWID CRAFT-B6DD50B6A9C5A349F55F
2026-02-10 02:39:42,928 - license_client - INFO - Лицензия сохранена
2026-02-10 02:39:42,949 - license_client - INFO - Лицензия действительна
2026-02-10 02:39:42,954 - license_client - INFO - Лицензия сохранена
2026-02-10 02:40:42,971 - license_client - INFO - Проверка лицензии e47f49d7... на HWID CRAFT-B6DD50B6A9C5A349F55F
2026-02-10 02:40:43,143 - license_client - INFO - Лицензия сохранена
2026-02-10 02:40:43,147 - license_client - INFO - Лицензия действительна
2026-02-10 02:40:43,153 - license_client - INFO - Лицензия сохранена
2026-02-10 02:41:43,170 - license_client - INFO - Проверка лицензии e47f49d7... на HWID CRAFT-B6DD50B6A9C5A349F55F
2026-02-10 02:41:43,329 - license_client - INFO - Лицензия сохранена
2026-02-10 02:41:43,355 - license_client - INFO - Лицензия действительна
2026-02-10 02:41:43,363 - license_client - INFO - Лицензия сохранена
2026-02-10 02:42:43,386 - license_client - INFO - Проверка лицензии e47f49d7... на HWID CRAFT-B6DD50B6A9C5A349F55F
2026-02-10 02:42:43,901 - license_client - INFO - Лицензия сохранена
2026-02-10 02:42:43,906 - license_client - INFO - Лицензия действительна
2026-02-10 02:42:43,911 - license_client - INFO - Лицензия сохранена
2026-02-10 02:43:43,922 - license_client - INFO - Проверка лицензии e47f49d7... на HWID CRAFT-B6DD50B6A9C5A349F55F
2026-02-10 02:43:44,030 - license_client - INFO - Лицензия сохранена
2026-02-10 02:43:44,055 - license_client - INFO - Лицензия действительна
2026-02-10 02:43:44,062 - license_client - INFO - Лицензия сохранена
2026-02-10 02:44:44,080 - license_client - INFO - Проверка лицензии e47f49d7... на HWID CRAFT-B6DD50B6A9C5A349F55F
2026-02-10 02:44:44,189 - license_client - INFO - Лицензия сохранена
2026-02-10 02:44:44,211 - license_client - INFO - Лицензия действительна
2026-02-10 02:44:44,219 - license_client - INFO - Лицензия сохранена
2026-02-10 02:45:44,237 - license_client - INFO - Проверка лицензии e47f49d7... на HWID CRAFT-B6DD50B6A9C5A349F55F
2026-02-10 02:45:44,371 - license_client - INFO - Лицензия сохранена
2026-02-10 02:45:44,377 - license_client - INFO - Лицензия действительна
2026-02-10 02:45:44,383 - license_client - INFO - Лицензия сохранена
2026-02-10 02:46:44,397 - license_client - INFO - Проверка лицензии e47f49d7... на HWID CRAFT-B6DD50B6A9C5A349F55F
2026-02-10 02:46:44,523 - license_client - INFO - Лицензия сохранена
2026-02-10 02:46:44,526 - license_client - INFO - Лицензия действительна
2026-02-10 02:46:44,533 - license_client - INFO - Лицензия сохранена
2026-02-10 02:47:44,548 - license_client - INFO - Проверка лицензии e47f49d7... на HWID CRAFT-B6DD50B6A9C5A349F55F
2026-02-10 02:47:44,730 - license_client - INFO - Лицензия сохранена
2026-02-10 02:47:44,734 - license_client - INFO - Лицензия действительна
2026-02-10 02:47:44,745 - license_client - INFO - Лицензия сохранена
2026-02-10 02:48:44,752 - license_client - INFO - Проверка лицензии e47f49d7... на HWID CRAFT-B6DD50B6A9C5A349F55F
2026-02-10 02:48:44,931 - license_client - INFO - Лицензия сохранена
2026-02-10 02:48:44,935 - license_client - INFO - Лицензия действительна
2026-02-10 02:48:44,939 - license_client - INFO - Лицензия сохранена
2026-02-10 02:49:44,958 - license_client - INFO - Проверка лицензии e47f49d7... на HWID CRAFT-B6DD50B6A9C5A349F55F
2026-02-10 02:49:45,072 - license_client - INFO - Лицензия сохранена
2026-02-10 02:49:45,092 - license_client - INFO - Лицензия действительна
2026-02-10 02:49:45,096 - license_client - INFO - Лицензия сохранена
2026-02-10 02:50:45,115 - license_client - INFO - Проверка лицензии e47f49d7... на HWID CRAFT-B6DD50B6A9C5A349F55F
2026-02-10 02:50:45,236 - license_client - INFO - Лицензия сохранена
2026-02-10 02:50:45,241 - license_client - INFO - Лицензия действительна
2026-02-10 02:50:45,247 - license_client - INFO - Лицензия сохранена
2026-02-10 02:51:45,256 - license_client - INFO - Проверка лицензии e47f49d7... на HWID CRAFT-B6DD50B6A9C5A349F55F
2026-02-10 02:51:45,377 - license_client - INFO - Лицензия сохранена
2026-02-10 02:51:45,388 - license_client - INFO - Лицензия действительна
2026-02-10 02:51:45,399 - license_client - INFO - Лицензия сохранена
2026-02-10 02:52:45,416 - license_client - INFO - Проверка лицензии e47f49d7... на HWID CRAFT-B6DD50B6A9C5A349F55F
2026-02-10 02:52:45,553 - license_client - INFO - Лицензия сохранена
2026-02-10 02:52:45,561 - license_client - INFO - Лицензия действительна
2026-02-10 02:52:45,570 - license_client - INFO - Лицензия сохранена
2026-02-10 02:53:45,579 - license_client - INFO - Проверка лицензии e47f49d7... на HWID CRAFT-B6DD50B6A9C5A349F55F
2026-02-10 02:53:45,707 - license_client - INFO - Лицензия сохранена
2026-02-10 02:53:45,709 - license_client - INFO - Лицензия действительна
2026-02-10 02:53:45,716 - license_client - INFO - Лицензия сохранена
2026-02-10 02:54:45,725 - license_client - INFO - Проверка лицензии e47f49d7... на HWID CRAFT-B6DD50B6A9C5A349F55F
2026-02-10 02:54:45,884 - license_client - INFO - Лицензия сохранена
2026-02-10 02:54:45,888 - license_client - INFO - Лицензия действительна
2026-02-10 02:54:45,895 - license_client - INFO - Лицензия сохранена
2026-02-10 02:55:45,906 - license_client - INFO - Проверка лицензии e47f49d7... на HWID CRAFT-B6DD50B6A9C5A349F55F
2026-02-10 02:55:46,093 - license_client - INFO - Лицензия сохранена
2026-02-10 02:55:46,100 - license_client - INFO - Лицензия действительна
2026-02-10 02:55:46,112 - license_client - INFO - Лицензия сохранена
2026-02-10 02:56:46,132 - license_client - INFO - Проверка лицензии e47f49d7... на HWID CRAFT-B6DD50B6A9C5A349F55F
2026-02-10 02:56:46,332 - license_client - INFO - Лицензия сохранена
2026-02-10 02:56:46,351 - license_client - INFO - Лицензия действительна
2026-02-10 02:56:46,356 - license_client - INFO - Лицензия сохранена
2026-02-10 02:57:46,380 - license_client - INFO - Проверка лицензии e47f49d7... на HWID CRAFT-B6DD50B6A9C5A349F55F
2026-02-10 02:57:46,581 - license_client - INFO - Лицензия сохранена
2026-02-10 02:57:46,585 - license_client - INFO - Лицензия действительна
2026-02-10 02:57:46,592 - license_client - INFO - Лицензия сохранена
2026-02-10 02:58:46,605 - license_client - INFO - Проверка лицензии e47f49d7... на HWID CRAFT-B6DD50B6A9C5A349F55F
2026-02-10 02:58:46,727 - license_client - INFO - Лицензия сохранена
2026-02-10 02:58:46,733 - license_client - INFO - Лицензия действительна
2026-02-10 02:58:46,742 - license_client - INFO - Лицензия сохранена
2026-02-10 02:59:46,758 - license_client - INFO - Проверка лицензии e47f49d7... на HWID CRAFT-B6DD50B6A9C5A349F55F
2026-02-10 02:59:46,908 - license_client - INFO - Лицензия сохранена
2026-02-10 02:59:46,919 - license_client - INFO - Лицензия действительна
2026-02-10 02:59:46,924 - license_client - INFO - Лицензия сохранена
2026-02-10 03:00:46,937 - license_client - INFO - Проверка лицензии e47f49d7... на HWID CRAFT-B6DD50B6A9C5A349F55F
2026-02-10 03:00:47,112 - license_client - INFO - Лицензия сохранена
2026-02-10 03:00:47,131 - license_client - INFO - Лицензия действительна
2026-02-10 03:00:47,141 - license_client - INFO - Лицензия сохранена
2026-02-10 03:01:47,161 - license_client - INFO - Проверка лицензии e47f49d7... на HWID CRAFT-B6DD50B6A9C5A349F55F
2026-02-10 03:01:47,275 - license_client - INFO - Лицензия сохранена
2026-02-10 03:01:47,290 - license_client - INFO - Лицензия действительна
2026-02-10 03:01:47,295 - license_client - INFO - Лицензия сохранена
2026-02-10 03:02:47,309 - license_client - INFO - Проверка лицензии e47f49d7... на HWID CRAFT-B6DD50B6A9C5A349F55F
2026-02-10 03:02:47,498 - license_client - INFO - Лицензия сохранена
2026-02-10 03:02:47,502 - license_client - INFO - Лицензия действительна
2026-02-10 03:02:47,513 - license_client - INFO - Лицензия сохранена
2026-02-10 03:03:47,528 - license_client - INFO - Проверка лицензии e47f49d7... на HWID CRAFT-B6DD50B6A9C5A349F55F
2026-02-10 03:03:47,681 - license_client - INFO - Лицензия сохранена
2026-02-10 03:03:47,704 - license_client - INFO - Лицензия действительна
2026-02-10 03:03:47,708 - license_client - INFO - Лицензия сохранена
2026-02-10 03:04:47,721 - license_client - INFO - Проверка лицензии e47f49d7... на HWID CRAFT-B6DD50B6A9C5A349F55F
2026-02-10 03:04:47,844 - license_client - INFO - Лицензия сохранена
2026-02-10 03:04:47,848 - license_client - INFO - Лицензия действительна
2026-02-10 03:04:47,859 - license_client - INFO - Лицензия сохранена
2026-02-10 03:05:47,868 - license_client - INFO - Проверка лицензии e47f49d7... на HWID CRAFT-B6DD50B6A9C5A349F55F
2026-02-10 03:05:48,033 - license_client - INFO - Лицензия сохранена
2026-02-10 03:05:48,044 - license_client - INFO - Лицензия действительна
2026-02-10 03:05:48,048 - license_client - INFO - Лицензия сохранена
2026-02-10 03:06:48,064 - license_client - INFO - Проверка лицензии e47f49d7... на HWID CRAFT-B6DD50B6A9C5A349F55F
2026-02-10 03:06:48,273 - license_client - INFO - Лицензия сохранена
2026-02-10 03:06:48,279 - license_client - INFO - Лицензия действительна
2026-02-10 03:06:48,286 - license_client - INFO - Лицензия сохранена
2026-02-10 03:07:48,313 - license_client - INFO - Проверка лицензии e47f49d7... на HWID CRAFT-B6DD50B6A9C5A349F55F
2026-02-10 03:07:48,434 - license_client - INFO - Лицензия сохранена
2026-02-10 03:07:48,442 - license_client - INFO - Лицензия действительна
2026-02-10 03:07:48,448 - license_client - INFO - Лицензия сохранена
2026-02-10 03:08:48,459 - license_client - INFO - Проверка лицензии e47f49d7... на HWID CRAFT-B6DD50B6A9C5A349F55F
2026-02-10 03:08:48,612 - license_client - INFO - Лицензия сохранена
2026-02-10 03:08:48,617 - license_client - INFO - Лицензия действительна
2026-02-10 03:08:48,623 - license_client - INFO - Лицензия сохранена
2026-02-10 03:09:48,638 - license_client - INFO - Проверка лицензии e47f49d7... на HWID CRAFT-B6DD50B6A9C5A349F55F
2026-02-10 03:09:48,768 - license_client - INFO - Лицензия сохранена
2026-02-10 03:09:48,777 - license_client - INFO - Лицензия действительна
2026-02-10 03:09:48,784 - license_client - INFO - Лицензия сохранена
2026-02-10 03:10:48,788 - license_client - INFO - Проверка лицензии e47f49d7... на HWID CRAFT-B6DD50B6A9C5A349F55F
2026-02-10 03:10:48,917 - license_client - INFO - Лицензия сохранена
2026-02-10 03:10:48,932 - license_client - INFO - Лицензия действительна
2026-02-10 03:10:48,936 - license_client - INFO - Лицензия сохранена
2026-02-10 03:11:48,952 - license_client - INFO - Проверка лицензии e47f49d7... на HWID CRAFT-B6DD50B6A9C5A349F55F
2026-02-10 03:11:49,066 - license_client - INFO - Лицензия сохранена
2026-02-10 03:11:49,079 - license_client - INFO - Лицензия действительна
2026-02-10 03:11:49,085 - license_client - INFO - Лицензия сохранена
2026-02-10 03:12:49,090 - license_client - INFO - Проверка лицензии e47f49d7... на HWID CRAFT-B6DD50B6A9C5A349F55F
2026-02-10 03:12:49,274 - license_client - INFO - Лицензия сохранена
2026-02-10 03:12:49,278 - license_client - INFO - Лицензия действительна
2026-02-10 03:12:49,284 - license_client - INFO - Лицензия сохранена
2026-02-10 03:13:49,298 - license_client - INFO - Проверка лицензии e47f49d7... на HWID CRAFT-B6DD50B6A9C5A349F55F
2026-02-10 03:13:49,464 - license_client - INFO - Лицензия сохранена
2026-02-10 03:13:49,471 - license_client - INFO - Лицензия действительна
2026-02-10 03:13:49,483 - license_client - INFO - Лицензия сохранена
2026-02-10 03:14:49,494 - license_client - INFO - Проверка лицензии e47f49d7... на HWID CRAFT-B6DD50B6A9C5A349F55F
2026-02-10 03:14:49,613 - license_client - INFO - Лицензия сохранена
2026-02-10 03:14:49,622 - license_client - INFO - Лицензия действительна
2026-02-10 03:14:49,629 - license_client - INFO - Лицензия сохранена
2026-02-10 03:15:49,637 - license_client - INFO - Проверка лицензии e47f49d7... на HWID CRAFT-B6DD50B6A9C5A349F55F
2026-02-10 03:15:49,831 - license_client - INFO - Лицензия сохранена
2026-02-10 03:15:49,834 - license_client - INFO - Лицензия действительна
2026-02-10 03:15:49,839 - license_client - INFO - Лицензия сохранена
2026-02-10 03:16:49,846 - license_client - INFO - Проверка лицензии e47f49d7... на HWID CRAFT-B6DD50B6A9C5A349F55F
2026-02-10 03:16:50,007 - license_client - INFO - Лицензия сохранена
2026-02-10 03:16:50,012 - license_client - INFO - Лицензия действительна
2026-02-10 03:16:50,020 - license_client - INFO - Лицензия сохранена
2026-02-10 03:17:50,038 - license_client - INFO - Проверка лицензии e47f49d7... на HWID CRAFT-B6DD50B6A9C5A349F55F
2026-02-10 03:17:50,173 - license_client - INFO - Лицензия сохранена
2026-02-10 03:17:50,177 - license_client - INFO - Лицензия действительна
2026-02-10 03:17:50,186 - license_client - INFO - Лицензия сохранена
2026-02-10 03:18:50,209 - license_client - INFO - Проверка лицензии e47f49d7... на HWID CRAFT-B6DD50B6A9C5A349F55F
2026-02-10 03:18:50,315 - license_client - INFO - Лицензия сохранена
2026-02-10 03:18:50,339 - license_client - INFO - Лицензия действительна
2026-02-10 03:18:50,342 - license_client - INFO - Лицензия сохранена
2026-02-10 03:19:50,360 - license_client - INFO - Проверка лицензии e47f49d7... на HWID CRAFT-B6DD50B6A9C5A349F55F
2026-02-10 03:19:50,554 - license_client - INFO - Лицензия сохранена
2026-02-10 03:19:50,557 - license_client - INFO - Лицензия действительна
2026-02-10 03:19:50,563 - license_client - INFO - Лицензия сохранена
2026-02-10 03:20:50,588 - license_client - INFO - Проверка лицензии e47f49d7... на HWID CRAFT-B6DD50B6A9C5A349F55F
2026-02-10 03:20:50,703 - license_client - INFO - Лицензия сохранена
2026-02-10 03:20:50,714 - license_client - INFO - Лицензия действительна
2026-02-10 03:20:50,718 - license_client - INFO - Лицензия сохранена
2026-02-10 03:21:50,727 - license_client - INFO - Проверка лицензии e47f49d7... на HWID CRAFT-B6DD50B6A9C5A349F55F
2026-02-10 03:21:50,869 - license_client - INFO - Лицензия сохранена
2026-02-10 03:21:50,886 - license_client - INFO - Лицензия действительна
2026-02-10 03:21:50,891 - license_client - INFO - Лицензия сохранена
2026-02-10 03:22:50,908 - license_client - INFO - Проверка лицензии e47f49d7... на HWID CRAFT-B6DD50B6A9C5A349F55F
2026-02-10 03:22:51,044 - license_client - INFO - Лицензия сохранена
2026-02-10 03:22:51,048 - license_client - INFO - Лицензия действительна
2026-02-10 03:22:51,057 - license_client - INFO - Лицензия сохранена
2026-02-10 03:23:51,079 - license_client - INFO - Проверка лицензии e47f49d7... на HWID CRAFT-B6DD50B6A9C5A349F55F
2026-02-10 03:23:51,205 - license_client - INFO - Лицензия сохранена
2026-02-10 03:23:51,209 - license_client - INFO - Лицензия действительна
2026-02-10 03:23:51,215 - license_client - INFO - Лицензия сохранена
2026-02-10 03:24:51,233 - license_client - INFO - Проверка лицензии e47f49d7... на HWID CRAFT-B6DD50B6A9C5A349F55F
2026-02-10 03:24:51,405 - license_client - INFO - Лицензия сохранена
2026-02-10 03:24:51,411 - license_client - INFO - Лицензия действительна
2026-02-10 03:24:51,419 - license_client - INFO - Лицензия сохранена
2026-02-10 03:25:51,441 - license_client - INFO - Проверка лицензии e47f49d7... на HWID CRAFT-B6DD50B6A9C5A349F55F
2026-02-10 03:25:51,575 - license_client - INFO - Лицензия сохранена
2026-02-10 03:25:51,580 - license_client - INFO - Лицензия действительна
2026-02-10 03:25:51,585 - license_client - INFO - Лицензия сохранена
2026-02-10 03:26:51,596 - license_client - INFO - Проверка лицензии e47f49d7... на HWID CRAFT-B6DD50B6A9C5A349F55F
2026-02-10 03:26:51,785 - license_client - INFO - Лицензия сохранена
2026-02-10 03:26:51,789 - license_client - INFO - Лицензия действительна
2026-02-10 03:26:51,796 - license_client - INFO - Лицензия сохранена
2026-02-10 03:27:51,805 - license_client - INFO - Проверка лицензии e47f49d7... на HWID CRAFT-B6DD50B6A9C5A349F55F
2026-02-10 03:27:51,946 - license_client - INFO - Лицензия сохранена
2026-02-10 03:27:51,952 - license_client - INFO - Лицензия действительна
2026-02-10 03:27:51,960 - license_client - INFO - Лицензия сохранена
2026-02-10 03:28:51,969 - license_client - INFO - Проверка лицензии e47f49d7... на HWID CRAFT-B6DD50B6A9C5A349F55F
2026-02-10 03:28:52,163 - license_client - INFO - Лицензия сохранена
2026-02-10 03:28:52,169 - license_client - INFO - Лицензия действительна
2026-02-10 03:28:52,180 - license_client - INFO - Лицензия сохранена
2026-02-10 03:29:52,190 - license_client - INFO - Проверка лицензии e47f49d7... на HWID CRAFT-B6DD50B6A9C5A349F55F
2026-02-10 03:29:52,297 - license_client - INFO - Лицензия сохранена
2026-02-10 03:29:52,320 - license_client - INFO - Лицензия действительна
2026-02-10 03:29:52,324 - license_client - INFO - Лицензия сохранена
2026-02-10 03:30:52,343 - license_client - INFO - Проверка лицензии e47f49d7... на HWID CRAFT-B6DD50B6A9C5A349F55F
2026-02-10 03:30:52,459 - license_client - INFO - Лицензия сохранена
2026-02-10 03:30:52,463 - license_client - INFO - Лицензия действительна
2026-02-10 03:30:52,469 - license_client - INFO - Лицензия сохранена
2026-02-10 03:31:52,481 - license_client - INFO - Проверка лицензии e47f49d7... на HWID CRAFT-B6DD50B6A9C5A349F55F
2026-02-10 03:31:52,629 - license_client - INFO - Лицензия сохранена
2026-02-10 03:31:52,634 - license_client - INFO - Лицензия действительна
2026-02-10 03:31:52,641 - license_client - INFO - Лицензия сохранена
2026-02-10 03:32:52,653 - license_client - INFO - Проверка лицензии e47f49d7... на HWID CRAFT-B6DD50B6A9C5A349F55F
2026-02-10 03:32:52,791 - license_client - INFO - Лицензия сохранена
2026-02-10 03:32:52,795 - license_client - INFO - Лицензия действительна
2026-02-10 03:32:52,800 - license_client - INFO - Лицензия сохранена
2026-02-10 03:33:52,814 - license_client - INFO - Проверка лицензии e47f49d7... на HWID CRAFT-B6DD50B6A9C5A349F55F
2026-02-10 03:33:52,972 - license_client - INFO - Лицензия сохранена
2026-02-10 03:33:52,982 - license_client - INFO - Лицензия действительна
2026-02-10 03:33:52,986 - license_client - INFO - Лицензия сохранена
2026-02-10 03:34:52,996 - license_client - INFO - Проверка лицензии e47f49d7... на HWID CRAFT-B6DD50B6A9C5A349F55F
2026-02-10 03:34:53,114 - license_client - INFO - Лицензия сохранена
2026-02-10 03:34:53,125 - license_client - INFO - Лицензия действительна
2026-02-10 03:34:53,129 - license_client - INFO - Лицензия сохранена
2026-02-10 03:35:53,142 - license_client - INFO - Проверка лицензии e47f49d7... на HWID CRAFT-B6DD50B6A9C5A349F55F
2026-02-10 03:35:53,283 - license_client - INFO - Лицензия сохранена
2026-02-10 03:35:53,293 - license_client - INFO - Лицензия действительна
2026-02-10 03:35:53,297 - license_client - INFO - Лицензия сохранена
2026-02-10 03:36:53,309 - license_client - INFO - Проверка лицензии e47f49d7... на HWID CRAFT-B6DD50B6A9C5A349F55F
2026-02-10 03:36:53,491 - license_client - INFO - Лицензия сохранена
2026-02-10 03:36:53,494 - license_client - INFO - Лицензия действительна
2026-02-10 03:36:53,500 - license_client - INFO - Лицензия сохранена
2026-02-10 03:37:53,511 - license_client - INFO - Проверка лицензии e47f49d7... на HWID CRAFT-B6DD50B6A9C5A349F55F
2026-02-10 03:37:53,638 - license_client - INFO - Лицензия сохранена
2026-02-10 03:37:53,655 - license_client - INFO - Лицензия действительна
2026-02-10 03:37:53,659 - license_client - INFO - Лицензия сохранена
2026-02-10 03:38:53,665 - license_client - INFO - Проверка лицензии e47f49d7... на HWID CRAFT-B6DD50B6A9C5A349F55F
2026-02-10 03:38:53,781 - license_client - INFO - Лицензия сохранена
2026-02-10 03:38:53,794 - license_client - INFO - Лицензия действительна
2026-02-10 03:38:53,799 - license_client - INFO - Лицензия сохранена
2026-02-10 03:39:53,816 - license_client - INFO - Проверка лицензии e47f49d7... на HWID CRAFT-B6DD50B6A9C5A349F55F
2026-02-10 03:39:53,960 - license_client - INFO - Лицензия сохранена
2026-02-10 03:39:53,967 - license_client - INFO - Лицензия действительна
2026-02-10 03:39:53,976 - license_client - INFO - Лицензия сохранена
2026-02-10 03:40:53,984 - license_client - INFO - Проверка лицензии e47f49d7... на HWID CRAFT-B6DD50B6A9C5A349F55F
2026-02-10 03:40:54,172 - license_client - INFO - Лицензия сохранена
2026-02-10 03:40:54,176 - license_client - INFO - Лицензия действительна
2026-02-10 03:40:54,188 - license_client - INFO - Лицензия сохранена
2026-02-10 03:41:54,202 - license_client - INFO - Проверка лицензии e47f49d7... на HWID CRAFT-B6DD50B6A9C5A349F55F
2026-02-10 03:41:54,376 - license_client - INFO - Лицензия сохранена
2026-02-10 03:41:54,397 - license_client - INFO - Лицензия действительна
2026-02-10 03:41:54,406 - license_client - INFO - Лицензия сохранена
2026-02-10 03:42:54,439 - license_client - INFO - Проверка лицензии e47f49d7... на HWID CRAFT-B6DD50B6A9C5A349F55F
2026-02-10 03:42:54,624 - license_client - INFO - Лицензия сохранена
2026-02-10 03:42:54,630 - license_client - INFO - Лицензия действительна
2026-02-10 03:42:54,639 - license_client - INFO - Лицензия сохранена
2026-02-10 03:43:54,655 - license_client - INFO - Проверка лицензии e47f49d7... на HWID CRAFT-B6DD50B6A9C5A349F55F
2026-02-10 03:43:54,800 - license_client - INFO - Лицензия сохранена
2026-02-10 03:43:54,815 - license_client - INFO - Лицензия действительна
2026-02-10 03:43:54,819 - license_client - INFO - Лицензия сохранена
2026-02-10 03:44:54,833 - license_client - INFO - Проверка лицензии e47f49d7... на HWID CRAFT-B6DD50B6A9C5A349F55F
2026-02-10 03:44:54,956 - license_client - INFO - Лицензия сохранена
2026-02-10 03:44:54,963 - license_client - INFO - Лицензия действительна
2026-02-10 03:44:54,971 - license_client - INFO - Лицензия сохранена
2026-02-10 03:45:54,986 - license_client - INFO - Проверка лицензии e47f49d7... на HWID CRAFT-B6DD50B6A9C5A349F55F
2026-02-10 03:45:55,102 - license_client - INFO - Лицензия сохранена
2026-02-10 03:45:55,108 - license_client - INFO - Лицензия действительна
2026-02-10 03:45:55,113 - license_client - INFO - Лицензия сохранена
2026-02-10 03:46:55,127 - license_client - INFO - Проверка лицензии e47f49d7... на HWID CRAFT-B6DD50B6A9C5A349F55F
2026-02-10 03:46:55,311 - license_client - INFO - Лицензия сохранена
2026-02-10 03:46:55,316 - license_client - INFO - Лицензия действительна
2026-02-10 03:46:55,322 - license_client - INFO - Лицензия сохранена
2026-02-10 03:47:55,340 - license_client - INFO - Проверка лицензии e47f49d7... на HWID CRAFT-B6DD50B6A9C5A349F55F
2026-02-10 03:47:55,516 - license_client - INFO - Лицензия сохранена
2026-02-10 03:47:55,533 - license_client - INFO - Лицензия действительна
2026-02-10 03:47:55,541 - license_client - INFO - Лицензия сохранена
2026-02-10 03:48:55,551 - license_client - INFO - Проверка лицензии e47f49d7... на HWID CRAFT-B6DD50B6A9C5A349F55F
2026-02-10 03:48:55,691 - license_client - INFO - Лицензия сохранена
2026-02-10 03:48:55,697 - license_client - INFO - Лицензия действительна
2026-02-10 03:48:55,700 - license_client - INFO - Лицензия сохранена
2026-02-10 03:49:55,717 - license_client - INFO - Проверка лицензии e47f49d7... на HWID CRAFT-B6DD50B6A9C5A349F55F
2026-02-10 03:49:55,912 - license_client - INFO - Лицензия сохранена
2026-02-10 03:49:55,916 - license_client - INFO - Лицензия действительна
2026-02-10 03:49:55,923 - license_client - INFO - Лицензия сохранена
2026-02-10 03:50:55,930 - license_client - INFO - Проверка лицензии e47f49d7... на HWID CRAFT-B6DD50B6A9C5A349F55F
2026-02-10 03:50:56,087 - license_client - INFO - Лицензия сохранена
2026-02-10 03:50:56,093 - license_client - INFO - Лицензия действительна
2026-02-10 03:50:56,101 - license_client - INFO - Лицензия сохранена
2026-02-10 03:51:56,118 - license_client - INFO - Проверка лицензии e47f49d7... на HWID CRAFT-B6DD50B6A9C5A349F55F
2026-02-10 03:51:56,307 - license_client - INFO - Лицензия сохранена
2026-02-10 03:51:56,310 - license_client - INFO - Лицензия действительна
2026-02-10 03:51:56,318 - license_client - INFO - Лицензия сохранена
2026-02-10 03:52:56,338 - license_client - INFO - Проверка лицензии e47f49d7... на HWID CRAFT-B6DD50B6A9C5A349F55F
2026-02-10 03:52:56,499 - license_client - INFO - Лицензия сохранена
2026-02-10 03:52:56,503 - license_client - INFO - Лицензия действительна
2026-02-10 03:52:56,510 - license_client - INFO - Лицензия сохранена
2026-02-10 03:53:56,526 - license_client - INFO - Проверка лицензии e47f49d7... на HWID CRAFT-B6DD50B6A9C5A349F55F
2026-02-10 03:53:56,666 - license_client - INFO - Лицензия сохранена
2026-02-10 03:53:56,669 - license_client - INFO - Лицензия действительна
2026-02-10 03:53:56,676 - license_client - INFO - Лицензия сохранена
2026-02-10 03:54:56,682 - license_client - INFO - Проверка лицензии e47f49d7... на HWID CRAFT-B6DD50B6A9C5A349F55F
2026-02-10 03:54:56,801 - license_client - INFO - Лицензия сохранена
2026-02-10 03:54:56,810 - license_client - INFO - Лицензия действительна
2026-02-10 03:54:56,813 - license_client - INFO - Лицензия сохранена
2026-02-10 03:55:56,821 - license_client - INFO - Проверка лицензии e47f49d7... на HWID CRAFT-B6DD50B6A9C5A349F55F
2026-02-10 03:55:56,956 - license_client - INFO - Лицензия сохранена
2026-02-10 03:55:56,969 - license_client - INFO - Лицензия действительна
2026-02-10 03:55:56,977 - license_client - INFO - Лицензия сохранена
2026-02-10 03:56:56,988 - license_client - INFO - Проверка лицензии e47f49d7... на HWID CRAFT-B6DD50B6A9C5A349F55F
2026-02-10 03:56:57,126 - license_client - INFO - Лицензия сохранена
2026-02-10 03:56:57,131 - license_client - INFO - Лицензия действительна
2026-02-10 03:56:57,138 - license_client - INFO - Лицензия сохранена
2026-02-10 03:57:57,157 - license_client - INFO - Проверка лицензии e47f49d7... на HWID CRAFT-B6DD50B6A9C5A349F55F
2026-02-10 03:57:57,281 - license_client - INFO - Лицензия сохранена
2026-02-10 03:57:57,285 - license_client - INFO - Лицензия действительна
2026-02-10 03:57:57,292 - license_client - INFO - Лицензия сохранена
2026-02-10 03:58:57,304 - license_client - INFO - Проверка лицензии e47f49d7... на HWID CRAFT-B6DD50B6A9C5A349F55F
2026-02-10 03:58:57,416 - license_client - INFO - Лицензия сохранена
2026-02-10 03:58:57,423 - license_client - INFO - Лицензия действительна
2026-02-10 03:58:57,432 - license_client - INFO - Лицензия сохранена
2026-02-10 03:59:57,443 - license_client - INFO - Проверка лицензии e47f49d7... на HWID CRAFT-B6DD50B6A9C5A349F55F
2026-02-10 03:59:57,586 - license_client - INFO - Лицензия сохранена
2026-02-10 03:59:57,589 - license_client - INFO - Лицензия действительна
2026-02-10 03:59:57,595 - license_client - INFO - Лицензия сохранена
2026-02-10 04:00:57,604 - license_client - INFO - Проверка лицензии e47f49d7... на HWID CRAFT-B6DD50B6A9C5A349F55F
2026-02-10 04:00:57,741 - license_client - INFO - Лицензия сохранена
2026-02-10 04:00:57,746 - license_client - INFO - Лицензия действительна
2026-02-10 04:00:57,752 - license_client - INFO - Лицензия сохранена
2026-02-10 04:01:57,765 - license_client - INFO - Проверка лицензии e47f49d7... на HWID CRAFT-B6DD50B6A9C5A349F55F
2026-02-10 04:01:57,961 - license_client - INFO - Лицензия сохранена
2026-02-10 04:01:57,969 - license_client - INFO - Лицензия действительна
2026-02-10 04:01:57,978 - license_client - INFO - Лицензия сохранена
2026-02-10 04:02:57,993 - license_client - INFO - Проверка лицензии e47f49d7... на HWID CRAFT-B6DD50B6A9C5A349F55F
2026-02-10 04:02:58,127 - license_client - INFO - Лицензия сохранена
2026-02-10 04:02:58,131 - license_client - INFO - Лицензия действительна
2026-02-10 04:02:58,139 - license_client - INFO - Лицензия сохранена
2026-02-10 04:03:58,152 - license_client - INFO - Проверка лицензии e47f49d7... на HWID CRAFT-B6DD50B6A9C5A349F55F
2026-02-10 04:03:58,291 - license_client - INFO - Лицензия сохранена
2026-02-10 04:03:58,294 - license_client - INFO - Лицензия действительна
2026-02-10 04:03:58,301 - license_client - INFO - Лицензия сохранена
2026-02-10 04:04:58,307 - license_client - INFO - Проверка лицензии e47f49d7... на HWID CRAFT-B6DD50B6A9C5A349F55F
2026-02-10 04:04:58,422 - license_client - INFO - Лицензия сохранена
2026-02-10 04:04:58,435 - license_client - INFO - Лицензия действительна
2026-02-10 04:04:58,440 - license_client - INFO - Лицензия сохранена
2026-02-10 04:05:58,461 - license_client - INFO - Проверка лицензии e47f49d7... на HWID CRAFT-B6DD50B6A9C5A349F55F
2026-02-10 04:05:58,590 - license_client - INFO - Лицензия сохранена
2026-02-10 04:05:58,595 - license_client - INFO - Лицензия действительна
2026-02-10 04:05:58,603 - license_client - INFO - Лицензия сохранена
2026-02-10 04:06:58,612 - license_client - INFO - Проверка лицензии e47f49d7... на HWID CRAFT-B6DD50B6A9C5A349F55F
2026-02-10 04:06:58,810 - license_client - INFO - Лицензия сохранена
2026-02-10 04:06:58,813 - license_client - INFO - Лицензия действительна
2026-02-10 04:06:58,820 - license_client - INFO - Лицензия сохранена
2026-02-10 04:07:58,838 - license_client - INFO - Проверка лицензии e47f49d7... на HWID CRAFT-B6DD50B6A9C5A349F55F
2026-02-10 04:07:58,961 - license_client - INFO - Лицензия сохранена
2026-02-10 04:07:58,981 - license_client - INFO - Лицензия действительна
2026-02-10 04:07:58,985 - license_client - INFO - Лицензия сохранена
2026-02-10 04:08:58,994 - license_client - INFO - Проверка лицензии e47f49d7... на HWID CRAFT-B6DD50B6A9C5A349F55F
2026-02-10 04:08:59,131 - license_client - INFO - Лицензия сохранена
2026-02-10 04:08:59,153 - license_client - INFO - Лицензия действительна
2026-02-10 04:08:59,157 - license_client - INFO - Лицензия сохранена
2026-02-10 04:09:59,164 - license_client - INFO - Проверка лицензии e47f49d7... на HWID CRAFT-B6DD50B6A9C5A349F55F
2026-02-10 04:09:59,297 - license_client - INFO - Лицензия сохранена
2026-02-10 04:09:59,307 - license_client - INFO - Лицензия действительна
2026-02-10 04:09:59,315 - license_client - INFO - Лицензия сохранена
2026-02-10 04:10:59,323 - license_client - INFO - Проверка лицензии e47f49d7... на HWID CRAFT-B6DD50B6A9C5A349F55F
2026-02-10 04:10:59,475 - license_client - INFO - Лицензия сохранена
2026-02-10 04:10:59,483 - license_client - INFO - Лицензия действительна
2026-02-10 04:10:59,492 - license_client - INFO - Лицензия сохранена
2026-02-10 04:11:59,496 - license_client - INFO - Проверка лицензии e47f49d7... на HWID CRAFT-B6DD50B6A9C5A349F55F
2026-02-10 04:11:59,653 - license_client - INFO - Лицензия сохранена
2026-02-10 04:11:59,656 - license_client - INFO - Лицензия действительна
2026-02-10 04:11:59,664 - license_client - INFO - Лицензия сохранена
2026-02-10 04:12:59,675 - license_client - INFO - Проверка лицензии e47f49d7... на HWID CRAFT-B6DD50B6A9C5A349F55F
2026-02-10 04:12:59,802 - license_client - INFO - Лицензия сохранена
2026-02-10 04:12:59,806 - license_client - INFO - Лицензия действительна
2026-02-10 04:12:59,813 - license_client - INFO - Лицензия сохранена
2026-02-10 04:13:59,836 - license_client - INFO - Проверка лицензии e47f49d7... на HWID CRAFT-B6DD50B6A9C5A349F55F
2026-02-10 04:14:00,020 - license_client - INFO - Лицензия сохранена
2026-02-10 04:14:00,038 - license_client - INFO - Лицензия действительна
2026-02-10 04:14:00,044 - license_client - INFO - Лицензия сохранена
2026-02-10 04:15:00,054 - license_client - INFO - Проверка лицензии e47f49d7... на HWID CRAFT-B6DD50B6A9C5A349F55F
2026-02-10 04:15:00,183 - license_client - INFO - Лицензия сохранена
2026-02-10 04:15:00,187 - license_client - INFO - Лицензия действительна
2026-02-10 04:15:00,195 - license_client - INFO - Лицензия сохранена
2026-02-10 04:16:00,205 - license_client - INFO - Проверка лицензии e47f49d7... на HWID CRAFT-B6DD50B6A9C5A349F55F
2026-02-10 04:16:00,350 - license_client - INFO - Лицензия сохранена
2026-02-10 04:16:00,354 - license_client - INFO - Лицензия действительна
2026-02-10 04:16:00,362 - license_client - INFO - Лицензия сохранена
2026-02-10 04:17:00,373 - license_client - INFO - Проверка лицензии e47f49d7... на HWID CRAFT-B6DD50B6A9C5A349F55F
2026-02-10 04:17:00,490 - license_client - INFO - Лицензия сохранена
2026-02-10 04:17:00,492 - license_client - INFO - Лицензия действительна
2026-02-10 04:17:00,502 - license_client - INFO - Лицензия сохранена
2026-02-10 04:18:00,516 - license_client - INFO - Проверка лицензии e47f49d7... на HWID CRAFT-B6DD50B6A9C5A349F55F
2026-02-10 04:18:00,642 - license_client - INFO - Лицензия сохранена
2026-02-10 04:18:00,653 - license_client - INFO - Лицензия действительна
2026-02-10 04:18:00,662 - license_client - INFO - Лицензия сохранена
2026-02-10 04:19:00,673 - license_client - INFO - Проверка лицензии e47f49d7... на HWID CRAFT-B6DD50B6A9C5A349F55F
2026-02-10 04:19:00,854 - license_client - INFO - Лицензия сохранена
2026-02-10 04:19:00,858 - license_client - INFO - Лицензия действительна
2026-02-10 04:19:00,869 - license_client - INFO - Лицензия сохранена
2026-02-10 04:20:00,888 - license_client - INFO - Проверка лицензии e47f49d7... на HWID CRAFT-B6DD50B6A9C5A349F55F
2026-02-10 04:20:01,048 - license_client - INFO - Лицензия сохранена
2026-02-10 04:20:01,063 - license_client - INFO - Лицензия действительна
2026-02-10 04:20:01,072 - license_client - INFO - Лицензия сохранена
2026-02-10 04:21:01,082 - license_client - INFO - Проверка лицензии e47f49d7... на HWID CRAFT-B6DD50B6A9C5A349F55F
2026-02-10 04:21:01,226 - license_client - INFO - Лицензия сохранена
2026-02-10 04:21:01,231 - license_client - INFO - Лицензия действительна
2026-02-10 04:21:01,242 - license_client - INFO - Лицензия сохранена
2026-02-10 04:22:01,250 - license_client - INFO - Проверка лицензии e47f49d7... на HWID CRAFT-B6DD50B6A9C5A349F55F
2026-02-10 04:22:01,436 - license_client - INFO - Лицензия сохранена
2026-02-10 04:22:01,439 - license_client - INFO - Лицензия действительна
2026-02-10 04:22:01,445 - license_client - INFO - Лицензия сохранена
2026-02-10 04:23:01,452 - license_client - INFO - Проверка лицензии e47f49d7... на HWID CRAFT-B6DD50B6A9C5A349F55F
2026-02-10 04:23:01,569 - license_client - INFO - Лицензия сохранена
2026-02-10 04:23:01,575 - license_client - INFO - Лицензия действительна
2026-02-10 04:23:01,580 - license_client - INFO - Лицензия сохранена
2026-02-10 04:24:01,598 - license_client - INFO - Проверка лицензии e47f49d7... на HWID CRAFT-B6DD50B6A9C5A349F55F
2026-02-10 04:24:01,722 - license_client - INFO - Лицензия сохранена
2026-02-10 04:24:01,731 - license_client - INFO - Лицензия действительна
2026-02-10 04:24:01,739 - license_client - INFO - Лицензия сохранена
2026-02-10 04:25:01,757 - license_client - INFO - Проверка лицензии e47f49d7... на HWID CRAFT-B6DD50B6A9C5A349F55F
2026-02-10 04:25:01,970 - license_client - INFO - Лицензия сохранена
2026-02-10 04:25:01,972 - license_client - INFO - Лицензия действительна
2026-02-10 04:25:01,984 - license_client - INFO - Лицензия сохранена
2026-02-10 04:26:01,993 - license_client - INFO - Проверка лицензии e47f49d7... на HWID CRAFT-B6DD50B6A9C5A349F55F
2026-02-10 04:26:02,146 - license_client - INFO - Лицензия сохранена
2026-02-10 04:26:02,153 - license_client - INFO - Лицензия действительна
2026-02-10 04:26:02,161 - license_client - INFO - Лицензия сохранена
2026-02-10 04:27:02,180 - license_client - INFO - Проверка лицензии e47f49d7... на HWID CRAFT-B6DD50B6A9C5A349F55F
2026-02-10 04:27:02,323 - license_client - INFO - Лицензия сохранена
2026-02-10 04:27:02,326 - license_client - INFO - Лицензия действительна
2026-02-10 04:27:02,334 - license_client - INFO - Лицензия сохранена
2026-02-10 04:28:02,339 - license_client - INFO - Проверка лицензии e47f49d7... на HWID CRAFT-B6DD50B6A9C5A349F55F
2026-02-10 04:28:02,514 - license_client - INFO - Лицензия сохранена
2026-02-10 04:28:02,517 - license_client - INFO - Лицензия действительна
2026-02-10 04:28:02,523 - license_client - INFO - Лицензия сохранена
2026-02-10 04:29:02,543 - license_client - INFO - Проверка лицензии e47f49d7... на HWID CRAFT-B6DD50B6A9C5A349F55F
2026-02-10 04:29:02,713 - license_client - INFO - Лицензия сохранена
2026-02-10 04:29:02,720 - license_client - INFO - Лицензия действительна
2026-02-10 04:29:02,727 - license_client - INFO - Лицензия сохранена
2026-02-10 04:30:02,741 - license_client - INFO - Проверка лицензии e47f49d7... на HWID CRAFT-B6DD50B6A9C5A349F55F
2026-02-10 04:30:02,870 - license_client - INFO - Лицензия сохранена
2026-02-10 04:30:02,876 - license_client - INFO - Лицензия действительна
2026-02-10 04:30:02,887 - license_client - INFO - Лицензия сохранена
2026-02-10 04:31:02,902 - license_client - INFO - Проверка лицензии e47f49d7... на HWID CRAFT-B6DD50B6A9C5A349F55F
2026-02-10 04:31:03,013 - license_client - INFO - Лицензия сохранена
2026-02-10 04:31:03,033 - license_client - INFO - Лицензия действительна
2026-02-10 04:31:03,041 - license_client - INFO - Лицензия сохранена
2026-02-10 04:32:03,055 - license_client - INFO - Проверка лицензии e47f49d7... на HWID CRAFT-B6DD50B6A9C5A349F55F
2026-02-10 04:32:03,203 - license_client - INFO - Лицензия сохранена
2026-02-10 04:32:03,206 - license_client - INFO - Лицензия действительна
2026-02-10 04:32:03,213 - license_client - INFO - Лицензия сохранена
2026-02-10 04:33:03,224 - license_client - INFO - Проверка лицензии e47f49d7... на HWID CRAFT-B6DD50B6A9C5A349F55F
2026-02-10 04:33:03,346 - license_client - INFO - Лицензия сохранена
2026-02-10 04:33:03,373 - license_client - INFO - Лицензия действительна
2026-02-10 04:33:03,378 - license_client - INFO - Лицензия сохранена
2026-02-10 04:34:03,392 - license_client - INFO - Проверка лицензии e47f49d7... на HWID CRAFT-B6DD50B6A9C5A349F55F
2026-02-10 04:34:03,554 - license_client - INFO - Лицензия сохранена
2026-02-10 04:34:03,557 - license_client - INFO - Лицензия действительна
2026-02-10 04:34:03,564 - license_client - INFO - Лицензия сохранена
2026-02-10 04:35:03,584 - license_client - INFO - Проверка лицензии e47f49d7... на HWID CRAFT-B6DD50B6A9C5A349F55F
2026-02-10 04:35:03,721 - license_client - INFO - Лицензия сохранена
2026-02-10 04:35:03,729 - license_client - INFO - Лицензия действительна
2026-02-10 04:35:03,733 - license_client - INFO - Лицензия сохранена
2026-02-10 04:36:03,755 - license_client - INFO - Проверка лицензии e47f49d7... на HWID CRAFT-B6DD50B6A9C5A349F55F
2026-02-10 04:36:03,907 - license_client - INFO - Лицензия сохранена
2026-02-10 04:36:03,912 - license_client - INFO - Лицензия действительна
2026-02-10 04:36:03,918 - license_client - INFO - Лицензия сохранена
2026-02-10 04:37:03,928 - license_client - INFO - Проверка лицензии e47f49d7... на HWID CRAFT-B6DD50B6A9C5A349F55F
2026-02-10 04:37:04,102 - license_client - INFO - Лицензия сохранена
2026-02-10 04:37:04,120 - license_client - INFO - Лицензия действительна
2026-02-10 04:37:04,131 - license_client - INFO - Лицензия сохранена
2026-02-10 04:38:04,143 - license_client - INFO - Проверка лицензии e47f49d7... на HWID CRAFT-B6DD50B6A9C5A349F55F
2026-02-10 04:38:04,271 - license_client - INFO - Лицензия сохранена
2026-02-10 04:38:04,275 - license_client - INFO - Лицензия действительна
2026-02-10 04:38:04,282 - license_client - INFO - Лицензия сохранена
2026-02-10 04:39:04,296 - license_client - INFO - Проверка лицензии e47f49d7... на HWID CRAFT-B6DD50B6A9C5A349F55F
2026-02-10 04:39:04,450 - license_client - INFO - Лицензия сохранена
2026-02-10 04:39:04,456 - license_client - INFO - Лицензия действительна
2026-02-10 04:39:04,468 - license_client - INFO - Лицензия сохранена
2026-02-10 04:40:04,483 - license_client - INFO - Проверка лицензии e47f49d7... на HWID CRAFT-B6DD50B6A9C5A349F55F
2026-02-10 04:40:04,600 - license_client - INFO - Лицензия сохранена
2026-02-10 04:40:04,604 - license_client - INFO - Лицензия действительна
2026-02-10 04:40:04,611 - license_client - INFO - Лицензия сохранена
2026-02-10 04:41:04,625 - license_client - INFO - Проверка лицензии e47f49d7... на HWID CRAFT-B6DD50B6A9C5A349F55F
2026-02-10 04:41:04,799 - license_client - INFO - Лицензия сохранена
2026-02-10 04:41:04,813 - license_client - INFO - Лицензия действительна
2026-02-10 04:41:04,818 - license_client - INFO - Лицензия сохранена
2026-02-10 04:42:04,824 - license_client - INFO - Проверка лицензии e47f49d7... на HWID CRAFT-B6DD50B6A9C5A349F55F
2026-02-10 04:42:04,943 - license_client - INFO - Лицензия сохранена
2026-02-10 04:42:04,951 - license_client - INFO - Лицензия действительна
2026-02-10 04:42:04,960 - license_client - INFO - Лицензия сохранена
2026-02-10 04:43:04,981 - license_client - INFO - Проверка лицензии e47f49d7... на HWID CRAFT-B6DD50B6A9C5A349F55F
2026-02-10 04:43:05,092 - license_client - INFO - Лицензия сохранена
2026-02-10 04:43:05,109 - license_client - INFO - Лицензия действительна
2026-02-10 04:43:05,121 - license_client - INFO - Лицензия сохранена
2026-02-10 04:44:05,131 - license_client - INFO - Проверка лицензии e47f49d7... на HWID CRAFT-B6DD50B6A9C5A349F55F
2026-02-10 04:44:05,245 - license_client - INFO - Лицензия сохранена
2026-02-10 04:44:05,260 - license_client - INFO - Лицензия действительна
2026-02-10 04:44:05,267 - license_client - INFO - Лицензия сохранена
2026-02-10 04:45:05,285 - license_client - INFO - Проверка лицензии e47f49d7... на HWID CRAFT-B6DD50B6A9C5A349F55F
2026-02-10 04:45:05,419 - license_client - INFO - Лицензия сохранена
2026-02-10 04:45:05,422 - license_client - INFO - Лицензия действительна
2026-02-10 04:45:05,430 - license_client - INFO - Лицензия сохранена
2026-02-10 04:46:05,448 - license_client - INFO - Проверка лицензии e47f49d7... на HWID CRAFT-B6DD50B6A9C5A349F55F
2026-02-10 04:46:05,631 - license_client - INFO - Лицензия сохранена
2026-02-10 04:46:05,634 - license_client - INFO - Лицензия действительна
2026-02-10 04:46:05,641 - license_client - INFO - Лицензия сохранена
2026-02-10 04:47:05,648 - license_client - INFO - Проверка лицензии e47f49d7... на HWID CRAFT-B6DD50B6A9C5A349F55F
2026-02-10 04:47:05,780 - license_client - INFO - Лицензия сохранена
2026-02-10 04:47:05,786 - license_client - INFO - Лицензия действительна
2026-02-10 04:47:05,792 - license_client - INFO - Лицензия сохранена
2026-02-10 04:48:05,809 - license_client - INFO - Проверка лицензии e47f49d7... на HWID CRAFT-B6DD50B6A9C5A349F55F
2026-02-10 04:48:05,972 - license_client - INFO - Лицензия сохранена
2026-02-10 04:48:05,985 - license_client - INFO - Лицензия действительна
2026-02-10 04:48:05,990 - license_client - INFO - Лицензия сохранена
2026-02-10 04:49:06,003 - license_client - INFO - Проверка лицензии e47f49d7... на HWID CRAFT-B6DD50B6A9C5A349F55F
2026-02-10 04:49:06,172 - license_client - INFO - Лицензия сохранена
2026-02-10 04:49:06,176 - license_client - INFO - Лицензия действительна
2026-02-10 04:49:06,184 - license_client - INFO - Лицензия сохранена
2026-02-10 04:50:06,199 - license_client - INFO - Проверка лицензии e47f49d7... на HWID CRAFT-B6DD50B6A9C5A349F55F
2026-02-10 04:50:06,389 - license_client - INFO - Лицензия сохранена
2026-02-10 04:50:06,393 - license_client - INFO - Лицензия действительна
2026-02-10 04:50:06,400 - license_client - INFO - Лицензия сохранена
2026-02-10 04:51:06,418 - license_client - INFO - Проверка лицензии e47f49d7... на HWID CRAFT-B6DD50B6A9C5A349F55F
2026-02-10 04:51:06,636 - license_client - INFO - Лицензия сохранена
2026-02-10 04:51:06,641 - license_client - INFO - Лицензия действительна
2026-02-10 04:51:06,647 - license_client - INFO - Лицензия сохранена
2026-02-10 04:52:06,659 - license_client - INFO - Проверка лицензии e47f49d7... на HWID CRAFT-B6DD50B6A9C5A349F55F
2026-02-10 04:52:06,780 - license_client - INFO - Лицензия сохранена
2026-02-10 04:52:06,793 - license_client - INFO - Лицензия действительна
2026-02-10 04:52:06,797 - license_client - INFO - Лицензия сохранена
2026-02-10 04:53:06,813 - license_client - INFO - Проверка лицензии e47f49d7... на HWID CRAFT-B6DD50B6A9C5A349F55F
2026-02-10 04:53:06,943 - license_client - INFO - Лицензия сохранена
2026-02-10 04:53:06,946 - license_client - INFO - Лицензия действительна
2026-02-10 04:53:06,953 - license_client - INFO - Лицензия сохранена
2026-02-10 04:54:06,962 - license_client - INFO - Проверка лицензии e47f49d7... на HWID CRAFT-B6DD50B6A9C5A349F55F
2026-02-10 04:54:07,105 - license_client - INFO - Лицензия сохранена
2026-02-10 04:54:07,109 - license_client - INFO - Лицензия действительна
2026-02-10 04:54:07,117 - license_client - INFO - Лицензия сохранена
2026-02-10 04:55:07,128 - license_client - INFO - Проверка лицензии e47f49d7... на HWID CRAFT-B6DD50B6A9C5A349F55F
2026-02-10 04:55:07,274 - license_client - INFO - Лицензия сохранена
2026-02-10 04:55:07,278 - license_client - INFO - Лицензия действительна
2026-02-10 04:55:07,284 - license_client - INFO - Лицензия сохранена
2026-02-10 04:56:07,298 - license_client - INFO - Проверка лицензии e47f49d7... на HWID CRAFT-B6DD50B6A9C5A349F55F
2026-02-10 04:56:07,474 - license_client - INFO - Лицензия сохранена
2026-02-10 04:56:07,478 - license_client - INFO - Лицензия действительна
2026-02-10 04:56:07,484 - license_client - INFO - Лицензия сохранена
2026-02-10 04:57:07,495 - license_client - INFO - Проверка лицензии e47f49d7... на HWID CRAFT-B6DD50B6A9C5A349F55F
2026-02-10 04:57:07,997 - license_client - INFO - Лицензия сохранена
2026-02-10 04:57:08,004 - license_client - INFO - Лицензия действительна
2026-02-10 04:57:08,009 - license_client - INFO - Лицензия сохранена
2026-02-10 04:58:08,023 - license_client - INFO - Проверка лицензии e47f49d7... на HWID CRAFT-B6DD50B6A9C5A349F55F
2026-02-10 04:58:08,225 - license_client - INFO - Лицензия сохранена
2026-02-10 04:58:08,229 - license_client - INFO - Лицензия действительна
2026-02-10 04:58:08,235 - license_client - INFO - Лицензия сохранена
2026-02-10 04:59:08,251 - license_client - INFO - Проверка лицензии e47f49d7... на HWID CRAFT-B6DD50B6A9C5A349F55F
2026-02-10 04:59:08,440 - license_client - INFO - Лицензия сохранена
2026-02-10 04:59:08,445 - license_client - INFO - Лицензия действительна
2026-02-10 04:59:08,452 - license_client - INFO - Лицензия сохранена
2026-02-10 05:00:08,472 - license_client - INFO - Проверка лицензии e47f49d7... на HWID CRAFT-B6DD50B6A9C5A349F55F
2026-02-10 05:00:08,598 - license_client - INFO - Лицензия сохранена
2026-02-10 05:00:08,602 - license_client - INFO - Лицензия действительна
2026-02-10 05:00:08,613 - license_client - INFO - Лицензия сохранена
2026-02-10 05:01:08,630 - license_client - INFO - Проверка лицензии e47f49d7... на HWID CRAFT-B6DD50B6A9C5A349F55F
2026-02-10 05:01:08,846 - license_client - INFO - Лицензия сохранена
2026-02-10 05:01:08,852 - license_client - INFO - Лицензия действительна
2026-02-10 05:01:08,857 - license_client - INFO - Лицензия сохранена
2026-02-10 05:02:08,867 - license_client - INFO - Проверка лицензии e47f49d7... на HWID CRAFT-B6DD50B6A9C5A349F55F
2026-02-10 05:02:08,982 - license_client - INFO - Лицензия сохранена
2026-02-10 05:02:08,995 - license_client - INFO - Лицензия действительна
2026-02-10 05:02:08,999 - license_client - INFO - Лицензия сохранена
2026-02-10 05:03:09,005 - license_client - INFO - Проверка лицензии e47f49d7... на HWID CRAFT-B6DD50B6A9C5A349F55F
2026-02-10 05:03:10,147 - license_client - INFO - Лицензия сохранена
2026-02-10 05:03:10,154 - license_client - INFO - Лицензия действительна
2026-02-10 05:03:10,159 - license_client - INFO - Лицензия сохранена
2026-02-10 05:04:10,173 - license_client - INFO - Проверка лицензии e47f49d7... на HWID CRAFT-B6DD50B6A9C5A349F55F
2026-02-10 05:04:10,316 - license_client - INFO - Лицензия сохранена
2026-02-10 05:04:10,322 - license_client - INFO - Лицензия действительна
2026-02-10 05:04:10,329 - license_client - INFO - Лицензия сохранена
2026-02-10 05:05:10,346 - license_client - INFO - Проверка лицензии e47f49d7... на HWID CRAFT-B6DD50B6A9C5A349F55F
2026-02-10 05:05:10,495 - license_client - INFO - Лицензия сохранена
2026-02-10 05:05:10,499 - license_client - INFO - Лицензия действительна
2026-02-10 05:05:10,506 - license_client - INFO - Лицензия сохранена
2026-02-10 05:06:10,518 - license_client - INFO - Проверка лицензии e47f49d7... на HWID CRAFT-B6DD50B6A9C5A349F55F
2026-02-10 05:06:10,630 - license_client - INFO - Лицензия сохранена
2026-02-10 05:06:10,633 - license_client - INFO - Лицензия действительна
2026-02-10 05:06:10,641 - license_client - INFO - Лицензия сохранена
2026-02-10 05:07:10,649 - license_client - INFO - Проверка лицензии e47f49d7... на HWID CRAFT-B6DD50B6A9C5A349F55F
2026-02-10 05:07:10,853 - license_client - INFO - Лицензия сохранена
2026-02-10 05:07:10,857 - license_client - INFO - Лицензия действительна
2026-02-10 05:07:10,864 - license_client - INFO - Лицензия сохранена
2026-02-10 05:08:10,879 - license_client - INFO - Проверка лицензии e47f49d7... на HWID CRAFT-B6DD50B6A9C5A349F55F
2026-02-10 05:08:11,015 - license_client - INFO - Лицензия сохранена
2026-02-10 05:08:11,018 - license_client - INFO - Лицензия действительна
2026-02-10 05:08:11,025 - license_client - INFO - Лицензия сохранена
2026-02-10 05:09:11,032 - license_client - INFO - Проверка лицензии e47f49d7... на HWID CRAFT-B6DD50B6A9C5A349F55F
2026-02-10 05:09:11,223 - license_client - INFO - Лицензия сохранена
2026-02-10 05:09:11,226 - license_client - INFO - Лицензия действительна
2026-02-10 05:09:11,233 - license_client - INFO - Лицензия сохранена
2026-02-10 05:10:11,246 - license_client - INFO - Проверка лицензии e47f49d7... на HWID CRAFT-B6DD50B6A9C5A349F55F
2026-02-10 05:10:11,375 - license_client - INFO - Лицензия сохранена
2026-02-10 05:10:11,379 - license_client - INFO - Лицензия действительна
2026-02-10 05:10:11,389 - license_client - INFO - Лицензия сохранена
2026-02-10 05:11:11,409 - license_client - INFO - Проверка лицензии e47f49d7... на HWID CRAFT-B6DD50B6A9C5A349F55F
2026-02-10 05:11:11,597 - license_client - INFO - Лицензия сохранена
2026-02-10 05:11:11,601 - license_client - INFO - Лицензия действительна
2026-02-10 05:11:11,607 - license_client - INFO - Лицензия сохранена
2026-02-10 05:12:11,630 - license_client - INFO - Проверка лицензии e47f49d7... на HWID CRAFT-B6DD50B6A9C5A349F55F
2026-02-10 05:12:11,827 - license_client - INFO - Лицензия сохранена
2026-02-10 05:12:11,831 - license_client - INFO - Лицензия действительна
2026-02-10 05:12:11,839 - license_client - INFO - Лицензия сохранена
2026-02-10 05:13:11,849 - license_client - INFO - Проверка лицензии e47f49d7... на HWID CRAFT-B6DD50B6A9C5A349F55F
2026-02-10 05:13:12,052 - license_client - INFO - Лицензия сохранена
2026-02-10 05:13:12,056 - license_client - INFO - Лицензия действительна
2026-02-10 05:13:12,063 - license_client - INFO - Лицензия сохранена
2026-02-10 05:14:12,075 - license_client - INFO - Проверка лицензии e47f49d7... на HWID CRAFT-B6DD50B6A9C5A349F55F
2026-02-10 05:14:12,202 - license_client - INFO - Лицензия сохранена
2026-02-10 05:14:12,206 - license_client - INFO - Лицензия действительна
2026-02-10 05:14:12,214 - license_client - INFO - Лицензия сохранена
2026-02-10 05:15:12,240 - license_client - INFO - Проверка лицензии e47f49d7... на HWID CRAFT-B6DD50B6A9C5A349F55F
2026-02-10 05:15:12,351 - license_client - INFO - Лицензия сохранена
2026-02-10 05:15:12,370 - license_client - INFO - Лицензия действительна
2026-02-10 05:15:12,374 - license_client - INFO - Лицензия сохранена
2026-02-10 05:16:12,393 - license_client - INFO - Проверка лицензии e47f49d7... на HWID CRAFT-B6DD50B6A9C5A349F55F
2026-02-10 05:16:12,519 - license_client - INFO - Лицензия сохранена
2026-02-10 05:16:12,535 - license_client - INFO - Лицензия действительна
2026-02-10 05:16:12,541 - license_client - INFO - Лицензия сохранена
2026-02-10 05:17:12,552 - license_client - INFO - Проверка лицензии e47f49d7... на HWID CRAFT-B6DD50B6A9C5A349F55F
2026-02-10 05:17:12,729 - license_client - INFO - Лицензия сохранена
2026-02-10 05:17:12,736 - license_client - INFO - Лицензия действительна
2026-02-10 05:17:12,747 - license_client - INFO - Лицензия сохранена
2026-02-10 05:18:12,760 - license_client - INFO - Проверка лицензии e47f49d7... на HWID CRAFT-B6DD50B6A9C5A349F55F
2026-02-10 05:18:12,910 - license_client - INFO - Лицензия сохранена
2026-02-10 05:18:12,922 - license_client - INFO - Лицензия действительна
2026-02-10 05:18:12,926 - license_client - INFO - Лицензия сохранена
2026-02-10 05:19:12,945 - license_client - INFO - Проверка лицензии e47f49d7... на HWID CRAFT-B6DD50B6A9C5A349F55F
2026-02-10 05:19:13,128 - license_client - INFO - Лицензия сохранена
2026-02-10 05:19:13,140 - license_client - INFO - Лицензия действительна
2026-02-10 05:19:13,145 - license_client - INFO - Лицензия сохранена
2026-02-10 05:20:13,166 - license_client - INFO - Проверка лицензии e47f49d7... на HWID CRAFT-B6DD50B6A9C5A349F55F
2026-02-10 05:20:13,274 - license_client - INFO - Лицензия сохранена
2026-02-10 05:20:13,293 - license_client - INFO - Лицензия действительна
2026-02-10 05:20:13,297 - license_client - INFO - Лицензия сохранена
2026-02-10 05:21:13,315 - license_client - INFO - Проверка лицензии e47f49d7... на HWID CRAFT-B6DD50B6A9C5A349F55F
2026-02-10 05:21:13,430 - license_client - INFO - Лицензия сохранена
2026-02-10 05:21:13,433 - license_client - INFO - Лицензия действительна
2026-02-10 05:21:13,442 - license_client - INFO - Лицензия сохранена
2026-02-10 05:22:13,446 - license_client - INFO - Проверка лицензии e47f49d7... на HWID CRAFT-B6DD50B6A9C5A349F55F
2026-02-10 05:22:13,565 - license_client - INFO - Лицензия сохранена
2026-02-10 05:22:13,576 - license_client - INFO - Лицензия действительна
2026-02-10 05:22:13,584 - license_client - INFO - Лицензия сохранена
2026-02-10 05:23:13,593 - license_client - INFO - Проверка лицензии e47f49d7... на HWID CRAFT-B6DD50B6A9C5A349F55F
2026-02-10 05:23:13,730 - license_client - INFO - Лицензия сохранена
2026-02-10 05:23:13,736 - license_client - INFO - Лицензия действительна
2026-02-10 05:23:13,743 - license_client - INFO - Лицензия сохранена
2026-02-10 05:24:13,764 - license_client - INFO - Проверка лицензии e47f49d7... на HWID CRAFT-B6DD50B6A9C5A349F55F
2026-02-10 05:24:13,957 - license_client - INFO - Лицензия сохранена
2026-02-10 05:24:13,960 - license_client - INFO - Лицензия действительна
2026-02-10 05:24:13,966 - license_client - INFO - Лицензия сохранена
2026-02-10 05:25:13,974 - license_client - INFO - Проверка лицензии e47f49d7... на HWID CRAFT-B6DD50B6A9C5A349F55F
2026-02-10 05:25:14,113 - license_client - INFO - Лицензия сохранена
2026-02-10 05:25:14,117 - license_client - INFO - Лицензия действительна
2026-02-10 05:25:14,124 - license_client - INFO - Лицензия сохранена
2026-02-10 05:26:14,129 - license_client - INFO - Проверка лицензии e47f49d7... на HWID CRAFT-B6DD50B6A9C5A349F55F
2026-02-10 05:26:14,253 - license_client - INFO - Лицензия сохранена
2026-02-10 05:26:14,256 - license_client - INFO - Лицензия действительна
2026-02-10 05:26:14,264 - license_client - INFO - Лицензия сохранена
2026-02-10 05:27:14,283 - license_client - INFO - Проверка лицензии e47f49d7... на HWID CRAFT-B6DD50B6A9C5A349F55F
2026-02-10 05:27:14,423 - license_client - INFO - Лицензия сохранена
2026-02-10 05:27:14,428 - license_client - INFO - Лицензия действительна
2026-02-10 05:27:14,433 - license_client - INFO - Лицензия сохранена
2026-02-10 05:28:14,441 - license_client - INFO - Проверка лицензии e47f49d7... на HWID CRAFT-B6DD50B6A9C5A349F55F
2026-02-10 05:28:14,579 - license_client - INFO - Лицензия сохранена
2026-02-10 05:28:14,582 - license_client - INFO - Лицензия действительна
2026-02-10 05:28:14,590 - license_client - INFO - Лицензия сохранена
2026-02-10 05:29:14,614 - license_client - INFO - Проверка лицензии e47f49d7... на HWID CRAFT-B6DD50B6A9C5A349F55F
2026-02-10 05:29:14,726 - license_client - INFO - Лицензия сохранена
2026-02-10 05:29:14,744 - license_client - INFO - Лицензия действительна
2026-02-10 05:29:14,748 - license_client - INFO - Лицензия сохранена
2026-02-10 05:30:14,758 - license_client - INFO - Проверка лицензии e47f49d7... на HWID CRAFT-B6DD50B6A9C5A349F55F
2026-02-10 05:30:14,921 - license_client - INFO - Лицензия сохранена
2026-02-10 05:30:14,932 - license_client - INFO - Лицензия действительна
2026-02-10 05:30:14,937 - license_client - INFO - Лицензия сохранена
2026-02-10 05:31:14,956 - license_client - INFO - Проверка лицензии e47f49d7... на HWID CRAFT-B6DD50B6A9C5A349F55F
2026-02-10 05:31:15,062 - license_client - INFO - Лицензия сохранена
2026-02-10 05:31:15,086 - license_client - INFO - Лицензия действительна
2026-02-10 05:31:15,094 - license_client - INFO - Лицензия сохранена
2026-02-10 05:32:15,111 - license_client - INFO - Проверка лицензии e47f49d7... на HWID CRAFT-B6DD50B6A9C5A349F55F
2026-02-10 05:32:15,276 - license_client - INFO - Лицензия сохранена
2026-02-10 05:32:15,280 - license_client - INFO - Лицензия действительна
2026-02-10 05:32:15,286 - license_client - INFO - Лицензия сохранена
2026-02-10 05:33:15,305 - license_client - INFO - Проверка лицензии e47f49d7... на HWID CRAFT-B6DD50B6A9C5A349F55F
2026-02-10 05:33:15,512 - license_client - INFO - Лицензия сохранена
2026-02-10 05:33:15,515 - license_client - INFO - Лицензия действительна
2026-02-10 05:33:15,522 - license_client - INFO - Лицензия сохранена
2026-02-10 05:34:15,536 - license_client - INFO - Проверка лицензии e47f49d7... на HWID CRAFT-B6DD50B6A9C5A349F55F
2026-02-10 05:34:15,663 - license_client - INFO - Лицензия сохранена
2026-02-10 05:34:15,673 - license_client - INFO - Лицензия действительна
2026-02-10 05:34:15,680 - license_client - INFO - Лицензия сохранена
2026-02-10 05:35:15,692 - license_client - INFO - Проверка лицензии e47f49d7... на HWID CRAFT-B6DD50B6A9C5A349F55F
2026-02-10 05:35:15,832 - license_client - INFO - Лицензия сохранена
2026-02-10 05:35:15,837 - license_client - INFO - Лицензия действительна
2026-02-10 05:35:15,842 - license_client - INFO - Лицензия сохранена
2026-02-10 05:36:15,849 - license_client - INFO - Проверка лицензии e47f49d7... на HWID CRAFT-B6DD50B6A9C5A349F55F
2026-02-10 05:36:15,992 - license_client - INFO - Лицензия сохранена
2026-02-10 05:36:15,996 - license_client - INFO - Лицензия действительна
2026-02-10 05:36:16,002 - license_client - INFO - Лицензия сохранена
2026-02-10 05:37:16,021 - license_client - INFO - Проверка лицензии e47f49d7... на HWID CRAFT-B6DD50B6A9C5A349F55F
2026-02-10 05:37:16,153 - license_client - INFO - Лицензия сохранена
2026-02-10 05:37:16,158 - license_client - INFO - Лицензия действительна
2026-02-10 05:37:16,163 - license_client - INFO - Лицензия сохранена
2026-02-10 05:38:16,175 - license_client - INFO - Проверка лицензии e47f49d7... на HWID CRAFT-B6DD50B6A9C5A349F55F
2026-02-10 05:38:16,344 - license_client - INFO - Лицензия сохранена
2026-02-10 05:38:16,354 - license_client - INFO - Лицензия действительна
2026-02-10 05:38:16,365 - license_client - INFO - Лицензия сохранена
2026-02-10 05:39:16,377 - license_client - INFO - Проверка лицензии e47f49d7... на HWID CRAFT-B6DD50B6A9C5A349F55F
2026-02-10 05:39:16,494 - license_client - INFO - Лицензия сохранена
2026-02-10 05:39:16,499 - license_client - INFO - Лицензия действительна
2026-02-10 05:39:16,510 - license_client - INFO - Лицензия сохранена
2026-02-10 05:40:16,522 - license_client - INFO - Проверка лицензии e47f49d7... на HWID CRAFT-B6DD50B6A9C5A349F55F
2026-02-10 05:40:16,633 - license_client - INFO - Лицензия сохранена
2026-02-10 05:40:16,650 - license_client - INFO - Лицензия действительна
2026-02-10 05:40:16,655 - license_client - INFO - Лицензия сохранена
2026-02-10 05:41:16,673 - license_client - INFO - Проверка лицензии e47f49d7... на HWID CRAFT-B6DD50B6A9C5A349F55F
2026-02-10 05:41:16,849 - license_client - INFO - Лицензия сохранена
2026-02-10 05:41:16,871 - license_client - INFO - Лицензия действительна
2026-02-10 05:41:16,879 - license_client - INFO - Лицензия сохранена
2026-02-10 05:42:16,889 - license_client - INFO - Проверка лицензии e47f49d7... на HWID CRAFT-B6DD50B6A9C5A349F55F
2026-02-10 05:42:16,997 - license_client - INFO - Лицензия сохранена
2026-02-10 05:42:17,024 - license_client - INFO - Лицензия действительна
2026-02-10 05:42:17,029 - license_client - INFO - Лицензия сохранена
2026-02-10 05:43:17,046 - license_client - INFO - Проверка лицензии e47f49d7... на HWID CRAFT-B6DD50B6A9C5A349F55F
2026-02-10 05:43:17,166 - license_client - INFO - Лицензия сохранена
2026-02-10 05:43:17,175 - license_client - INFO - Лицензия действительна
2026-02-10 05:43:17,184 - license_client - INFO - Лицензия сохранена
2026-02-10 05:44:17,208 - license_client - INFO - Проверка лицензии e47f49d7... на HWID CRAFT-B6DD50B6A9C5A349F55F
2026-02-10 05:44:17,321 - license_client - INFO - Лицензия сохранена
2026-02-10 05:44:17,340 - license_client - INFO - Лицензия действительна
2026-02-10 05:44:17,349 - license_client - INFO - Лицензия сохранена
2026-02-10 05:45:17,362 - license_client - INFO - Проверка лицензии e47f49d7... на HWID CRAFT-B6DD50B6A9C5A349F55F
2026-02-10 05:45:17,496 - license_client - INFO - Лицензия сохранена
2026-02-10 05:45:17,501 - license_client - INFO - Лицензия действительна
2026-02-10 05:45:17,505 - license_client - INFO - Лицензия сохранена
2026-02-10 05:46:17,511 - license_client - INFO - Проверка лицензии e47f49d7... на HWID CRAFT-B6DD50B6A9C5A349F55F
2026-02-10 05:46:17,636 - license_client - INFO - Лицензия сохранена
2026-02-10 05:46:17,658 - license_client - INFO - Лицензия действительна
2026-02-10 05:46:17,670 - license_client - INFO - Лицензия сохранена
2026-02-10 05:47:17,684 - license_client - INFO - Проверка лицензии e47f49d7... на HWID CRAFT-B6DD50B6A9C5A349F55F
2026-02-10 05:47:17,807 - license_client - INFO - Лицензия сохранена
2026-02-10 05:47:17,811 - license_client - INFO - Лицензия действительна
2026-02-10 05:47:17,817 - license_client - INFO - Лицензия сохранена
2026-02-10 05:48:17,829 - license_client - INFO - Проверка лицензии e47f49d7... на HWID CRAFT-B6DD50B6A9C5A349F55F
2026-02-10 05:48:17,965 - license_client - INFO - Лицензия сохранена
2026-02-10 05:48:17,971 - license_client - INFO - Лицензия действительна
2026-02-10 05:48:17,979 - license_client - INFO - Лицензия сохранена
2026-02-10 05:49:17,995 - license_client - INFO - Проверка лицензии e47f49d7... на HWID CRAFT-B6DD50B6A9C5A349F55F
2026-02-10 05:49:18,129 - license_client - INFO - Лицензия сохранена
2026-02-10 05:49:18,138 - license_client - INFO - Лицензия действительна
2026-02-10 05:49:18,148 - license_client - INFO - Лицензия сохранена
2026-02-10 05:50:18,155 - license_client - INFO - Проверка лицензии e47f49d7... на HWID CRAFT-B6DD50B6A9C5A349F55F
2026-02-10 05:50:18,297 - license_client - INFO - Лицензия сохранена
2026-02-10 05:50:18,301 - license_client - INFO - Лицензия действительна
2026-02-10 05:50:18,309 - license_client - INFO - Лицензия сохранена
2026-02-10 05:51:18,321 - license_client - INFO - Проверка лицензии e47f49d7... на HWID CRAFT-B6DD50B6A9C5A349F55F
2026-02-10 05:51:18,439 - license_client - INFO - Лицензия сохранена
2026-02-10 05:51:18,448 - license_client - INFO - Лицензия действительна
2026-02-10 05:51:18,452 - license_client - INFO - Лицензия сохранена
2026-02-10 05:52:18,464 - license_client - INFO - Проверка лицензии e47f49d7... на HWID CRAFT-B6DD50B6A9C5A349F55F
2026-02-10 05:52:18,604 - license_client - INFO - Лицензия сохранена
2026-02-10 05:52:18,629 - license_client - INFO - Лицензия действительна
2026-02-10 05:52:18,635 - license_client - INFO - Лицензия сохранена
2026-02-10 05:53:18,653 - license_client - INFO - Проверка лицензии e47f49d7... на HWID CRAFT-B6DD50B6A9C5A349F55F
2026-02-10 05:53:18,772 - license_client - INFO - Лицензия сохранена
2026-02-10 05:53:18,776 - license_client - INFO - Лицензия действительна
2026-02-10 05:53:18,782 - license_client - INFO - Лицензия сохранена
2026-02-10 05:54:18,789 - license_client - INFO - Проверка лицензии e47f49d7... на HWID CRAFT-B6DD50B6A9C5A349F55F
2026-02-10 05:54:18,910 - license_client - INFO - Лицензия сохранена
2026-02-10 05:54:18,917 - license_client - INFO - Лицензия действительна
2026-02-10 05:54:18,922 - license_client - INFO - Лицензия сохранена
2026-02-10 05:55:18,935 - license_client - INFO - Проверка лицензии e47f49d7... на HWID CRAFT-B6DD50B6A9C5A349F55F
2026-02-10 05:55:19,053 - license_client - INFO - Лицензия сохранена
2026-02-10 05:55:19,057 - license_client - INFO - Лицензия действительна
2026-02-10 05:55:19,063 - license_client - INFO - Лицензия сохранена
2026-02-10 05:56:19,082 - license_client - INFO - Проверка лицензии e47f49d7... на HWID CRAFT-B6DD50B6A9C5A349F55F
2026-02-10 05:56:19,190 - license_client - INFO - Лицензия сохранена
2026-02-10 05:56:19,210 - license_client - INFO - Лицензия действительна
2026-02-10 05:56:19,219 - license_client - INFO - Лицензия сохранена
2026-02-10 05:57:19,242 - license_client - INFO - Проверка лицензии e47f49d7... на HWID CRAFT-B6DD50B6A9C5A349F55F
2026-02-10 05:57:19,361 - license_client - INFO - Лицензия сохранена
2026-02-10 05:57:19,373 - license_client - INFO - Лицензия действительна
2026-02-10 05:57:19,381 - license_client - INFO - Лицензия сохранена
2026-02-10 05:58:19,405 - license_client - INFO - Проверка лицензии e47f49d7... на HWID CRAFT-B6DD50B6A9C5A349F55F
2026-02-10 05:58:19,544 - license_client - INFO - Лицензия сохранена
2026-02-10 05:58:19,547 - license_client - INFO - Лицензия действительна
2026-02-10 05:58:19,555 - license_client - INFO - Лицензия сохранена
2026-02-10 05:59:19,572 - license_client - INFO - Проверка лицензии e47f49d7... на HWID CRAFT-B6DD50B6A9C5A349F55F
2026-02-10 05:59:19,688 - license_client - INFO - Лицензия сохранена
2026-02-10 05:59:19,700 - license_client - INFO - Лицензия действительна
2026-02-10 05:59:19,704 - license_client - INFO - Лицензия сохранена
2026-02-10 06:00:19,718 - license_client - INFO - Проверка лицензии e47f49d7... на HWID CRAFT-B6DD50B6A9C5A349F55F
2026-02-10 06:00:19,899 - license_client - INFO - Лицензия сохранена
2026-02-10 06:00:19,904 - license_client - INFO - Лицензия действительна
2026-02-10 06:00:19,911 - license_client - INFO - Лицензия сохранена
2026-02-10 06:01:19,921 - license_client - INFO - Проверка лицензии e47f49d7... на HWID CRAFT-B6DD50B6A9C5A349F55F
2026-02-10 06:01:20,035 - license_client - INFO - Лицензия сохранена
2026-02-10 06:01:20,050 - license_client - INFO - Лицензия действительна
2026-02-10 06:01:20,054 - license_client - INFO - Лицензия сохранена
2026-02-10 06:02:20,058 - license_client - INFO - Проверка лицензии e47f49d7... на HWID CRAFT-B6DD50B6A9C5A349F55F
2026-02-10 06:02:20,169 - license_client - INFO - Лицензия сохранена
2026-02-10 06:02:20,189 - license_client - INFO - Лицензия действительна
2026-02-10 06:02:20,198 - license_client - INFO - Лицензия сохранена
2026-02-10 06:03:20,224 - license_client - INFO - Проверка лицензии e47f49d7... на HWID CRAFT-B6DD50B6A9C5A349F55F
2026-02-10 06:03:20,397 - license_client - INFO - Лицензия сохранена
2026-02-10 06:03:20,419 - license_client - INFO - Лицензия действительна
2026-02-10 06:03:20,427 - license_client - INFO - Лицензия сохранена
2026-02-10 06:04:20,442 - license_client - INFO - Проверка лицензии e47f49d7... на HWID CRAFT-B6DD50B6A9C5A349F55F
2026-02-10 06:04:20,624 - license_client - INFO - Лицензия сохранена
2026-02-10 06:04:20,634 - license_client - INFO - Лицензия действительна
2026-02-10 06:04:20,642 - license_client - INFO - Лицензия сохранена
2026-02-10 06:05:20,666 - license_client - INFO - Проверка лицензии e47f49d7... на HWID CRAFT-B6DD50B6A9C5A349F55F
2026-02-10 06:05:20,790 - license_client - INFO - Лицензия сохранена
2026-02-10 06:05:20,793 - license_client - INFO - Лицензия действительна
2026-02-10 06:05:20,802 - license_client - INFO - Лицензия сохранена
2026-02-10 06:06:20,820 - license_client - INFO - Проверка лицензии e47f49d7... на HWID CRAFT-B6DD50B6A9C5A349F55F
2026-02-10 06:06:20,934 - license_client - INFO - Лицензия сохранена
2026-02-10 06:06:20,950 - license_client - INFO - Лицензия действительна
2026-02-10 06:06:20,954 - license_client - INFO - Лицензия сохранена
2026-02-10 06:07:20,964 - license_client - INFO - Проверка лицензии e47f49d7... на HWID CRAFT-B6DD50B6A9C5A349F55F
2026-02-10 06:07:21,074 - license_client - INFO - Лицензия сохранена
2026-02-10 06:07:21,093 - license_client - INFO - Лицензия действительна
2026-02-10 06:07:21,097 - license_client - INFO - Лицензия сохранена
2026-02-10 06:08:21,105 - license_client - INFO - Проверка лицензии e47f49d7... на HWID CRAFT-B6DD50B6A9C5A349F55F
2026-02-10 06:08:21,253 - license_client - INFO - Лицензия сохранена
2026-02-10 06:08:21,267 - license_client - INFO - Лицензия действительна
2026-02-10 06:08:21,278 - license_client - INFO - Лицензия сохранена
2026-02-10 06:09:21,296 - license_client - INFO - Проверка лицензии e47f49d7... на HWID CRAFT-B6DD50B6A9C5A349F55F
2026-02-10 06:09:21,453 - license_client - INFO - Лицензия сохранена
2026-02-10 06:09:21,456 - license_client - INFO - Лицензия действительна
2026-02-10 06:09:21,463 - license_client - INFO - Лицензия сохранена
2026-02-10 06:10:21,486 - license_client - INFO - Проверка лицензии e47f49d7... на HWID CRAFT-B6DD50B6A9C5A349F55F
2026-02-10 06:10:21,603 - license_client - INFO - Лицензия сохранена
2026-02-10 06:10:21,613 - license_client - INFO - Лицензия действительна
2026-02-10 06:10:21,618 - license_client - INFO - Лицензия сохранена
2026-02-10 06:11:21,630 - license_client - INFO - Проверка лицензии e47f49d7... на HWID CRAFT-B6DD50B6A9C5A349F55F
2026-02-10 06:11:21,789 - license_client - INFO - Лицензия сохранена
2026-02-10 06:11:21,792 - license_client - INFO - Лицензия действительна
2026-02-10 06:11:21,799 - license_client - INFO - Лицензия сохранена
2026-02-10 06:12:21,814 - license_client - INFO - Проверка лицензии e47f49d7... на HWID CRAFT-B6DD50B6A9C5A349F55F
2026-02-10 06:12:21,951 - license_client - INFO - Лицензия сохранена
2026-02-10 06:12:21,958 - license_client - INFO - Лицензия действительна
2026-02-10 06:12:21,966 - license_client - INFO - Лицензия сохранена
2026-02-10 06:13:21,976 - license_client - INFO - Проверка лицензии e47f49d7... на HWID CRAFT-B6DD50B6A9C5A349F55F
2026-02-10 06:13:22,114 - license_client - INFO - Лицензия сохранена
2026-02-10 06:13:22,121 - license_client - INFO - Лицензия действительна
2026-02-10 06:13:22,130 - license_client - INFO - Лицензия сохранена
2026-02-10 06:14:22,153 - license_client - INFO - Проверка лицензии e47f49d7... на HWID CRAFT-B6DD50B6A9C5A349F55F
2026-02-10 06:14:22,321 - license_client - INFO - Лицензия сохранена
2026-02-10 06:14:22,329 - license_client - INFO - Лицензия действительна
2026-02-10 06:14:22,339 - license_client - INFO - Лицензия сохранена
2026-02-10 06:15:22,357 - license_client - INFO - Проверка лицензии e47f49d7... на HWID CRAFT-B6DD50B6A9C5A349F55F
2026-02-10 06:15:22,515 - license_client - INFO - Лицензия сохранена
2026-02-10 06:15:22,522 - license_client - INFO - Лицензия действительна
2026-02-10 06:15:22,526 - license_client - INFO - Лицензия сохранена
2026-02-10 06:16:22,535 - license_client - INFO - Проверка лицензии e47f49d7... на HWID CRAFT-B6DD50B6A9C5A349F55F
2026-02-10 06:16:22,682 - license_client - INFO - Лицензия сохранена
2026-02-10 06:16:22,688 - license_client - INFO - Лицензия действительна
2026-02-10 06:16:22,693 - license_client - INFO - Лицензия сохранена
2026-02-10 06:17:22,708 - license_client - INFO - Проверка лицензии e47f49d7... на HWID CRAFT-B6DD50B6A9C5A349F55F
2026-02-10 06:17:22,872 - license_client - INFO - Лицензия сохранена
2026-02-10 06:17:22,881 - license_client - INFO - Лицензия действительна
2026-02-10 06:17:22,908 - license_client - INFO - Лицензия сохранена
2026-02-10 06:18:22,934 - license_client - INFO - Проверка лицензии e47f49d7... на HWID CRAFT-B6DD50B6A9C5A349F55F
2026-02-10 06:18:23,044 - license_client - INFO - Лицензия сохранена
2026-02-10 06:18:23,060 - license_client - INFO - Лицензия действительна
2026-02-10 06:18:23,064 - license_client - INFO - Лицензия сохранена
2026-02-10 06:19:23,080 - license_client - INFO - Проверка лицензии e47f49d7... на HWID CRAFT-B6DD50B6A9C5A349F55F
2026-02-10 06:19:23,250 - license_client - INFO - Лицензия сохранена
2026-02-10 06:19:23,258 - license_client - INFO - Лицензия действительна
2026-02-10 06:19:23,267 - license_client - INFO - Лицензия сохранена
2026-02-10 06:20:23,281 - license_client - INFO - Проверка лицензии e47f49d7... на HWID CRAFT-B6DD50B6A9C5A349F55F
2026-02-10 06:20:23,411 - license_client - INFO - Лицензия сохранена
2026-02-10 06:20:23,420 - license_client - INFO - Лицензия действительна
2026-02-10 06:20:23,430 - license_client - INFO - Лицензия сохранена
2026-02-10 06:21:23,448 - license_client - INFO - Проверка лицензии e47f49d7... на HWID CRAFT-B6DD50B6A9C5A349F55F
2026-02-10 06:21:23,569 - license_client - INFO - Лицензия сохранена
2026-02-10 06:21:23,575 - license_client - INFO - Лицензия действительна
2026-02-10 06:21:23,579 - license_client - INFO - Лицензия сохранена
2026-02-10 06:22:23,585 - license_client - INFO - Проверка лицензии e47f49d7... на HWID CRAFT-B6DD50B6A9C5A349F55F
2026-02-10 06:22:23,811 - license_client - INFO - Лицензия сохранена
2026-02-10 06:22:23,869 - license_client - INFO - Лицензия действительна
2026-02-10 06:22:23,874 - license_client - INFO - Лицензия сохранена
2026-02-10 06:23:23,883 - license_client - INFO - Проверка лицензии e47f49d7... на HWID CRAFT-B6DD50B6A9C5A349F55F
2026-02-10 06:23:24,000 - license_client - INFO - Лицензия сохранена
2026-02-10 06:23:24,003 - license_client - INFO - Лицензия действительна
2026-02-10 06:23:24,012 - license_client - INFO - Лицензия сохранена
2026-02-10 06:24:24,029 - license_client - INFO - Проверка лицензии e47f49d7... на HWID CRAFT-B6DD50B6A9C5A349F55F
2026-02-10 06:24:24,170 - license_client - INFO - Лицензия сохранена
2026-02-10 06:24:24,178 - license_client - INFO - Лицензия действительна
2026-02-10 06:24:24,183 - license_client - INFO - Лицензия сохранена
2026-02-10 06:25:24,191 - license_client - INFO - Проверка лицензии e47f49d7... на HWID CRAFT-B6DD50B6A9C5A349F55F
2026-02-10 06:25:24,330 - license_client - INFO - Лицензия сохранена
2026-02-10 06:25:24,338 - license_client - INFO - Лицензия действительна
2026-02-10 06:25:24,348 - license_client - INFO - Лицензия сохранена
2026-02-10 06:26:24,357 - license_client - INFO - Проверка лицензии e47f49d7... на HWID CRAFT-B6DD50B6A9C5A349F55F
2026-02-10 06:26:24,493 - license_client - INFO - Лицензия сохранена
2026-02-10 06:26:24,500 - license_client - INFO - Лицензия действительна
2026-02-10 06:26:24,510 - license_client - INFO - Лицензия сохранена
2026-02-10 06:27:24,524 - license_client - INFO - Проверка лицензии e47f49d7... на HWID CRAFT-B6DD50B6A9C5A349F55F
2026-02-10 06:27:24,662 - license_client - INFO - Лицензия сохранена
2026-02-10 06:27:24,685 - license_client - INFO - Лицензия действительна
2026-02-10 06:27:24,690 - license_client - INFO - Лицензия сохранена
2026-02-10 06:28:24,710 - license_client - INFO - Проверка лицензии e47f49d7... на HWID CRAFT-B6DD50B6A9C5A349F55F
2026-02-10 06:28:24,827 - license_client - INFO - Лицензия сохранена
2026-02-10 06:28:24,838 - license_client - INFO - Лицензия действительна
2026-02-10 06:28:24,848 - license_client - INFO - Лицензия сохранена
2026-02-10 06:29:24,863 - license_client - INFO - Проверка лицензии e47f49d7... на HWID CRAFT-B6DD50B6A9C5A349F55F
2026-02-10 06:29:25,028 - license_client - INFO - Лицензия сохранена
2026-02-10 06:29:25,031 - license_client - INFO - Лицензия действительна
2026-02-10 06:29:25,038 - license_client - INFO - Лицензия сохранена
2026-02-10 06:30:25,050 - license_client - INFO - Проверка лицензии e47f49d7... на HWID CRAFT-B6DD50B6A9C5A349F55F
2026-02-10 06:30:25,165 - license_client - INFO - Лицензия сохранена
2026-02-10 06:30:25,170 - license_client - INFO - Лицензия действительна
2026-02-10 06:30:25,180 - license_client - INFO - Лицензия сохранена
2026-02-10 06:31:25,200 - license_client - INFO - Проверка лицензии e47f49d7... на HWID CRAFT-B6DD50B6A9C5A349F55F
2026-02-10 06:31:25,400 - license_client - INFO - Лицензия сохранена
2026-02-10 06:31:25,405 - license_client - INFO - Лицензия действительна
2026-02-10 06:31:25,415 - license_client - INFO - Лицензия сохранена
2026-02-10 06:32:25,426 - license_client - INFO - Проверка лицензии e47f49d7... на HWID CRAFT-B6DD50B6A9C5A349F55F
2026-02-10 06:32:25,616 - license_client - INFO - Лицензия сохранена
2026-02-10 06:32:25,624 - license_client - INFO - Лицензия действительна
2026-02-10 06:32:25,633 - license_client - INFO - Лицензия сохранена
2026-02-10 06:33:25,645 - license_client - INFO - Проверка лицензии e47f49d7... на HWID CRAFT-B6DD50B6A9C5A349F55F
2026-02-10 06:33:25,762 - license_client - INFO - Лицензия сохранена
2026-02-10 06:33:25,774 - license_client - INFO - Лицензия действительна
2026-02-10 06:33:25,778 - license_client - INFO - Лицензия сохранена
2026-02-10 06:34:25,791 - license_client - INFO - Проверка лицензии e47f49d7... на HWID CRAFT-B6DD50B6A9C5A349F55F
2026-02-10 06:34:25,906 - license_client - INFO - Лицензия сохранена
2026-02-10 06:34:25,918 - license_client - INFO - Лицензия действительна
2026-02-10 06:34:25,923 - license_client - INFO - Лицензия сохранена
2026-02-10 06:35:25,934 - license_client - INFO - Проверка лицензии e47f49d7... на HWID CRAFT-B6DD50B6A9C5A349F55F
2026-02-10 06:35:26,131 - license_client - INFO - Лицензия сохранена
2026-02-10 06:35:26,136 - license_client - INFO - Лицензия действительна
2026-02-10 06:35:26,142 - license_client - INFO - Лицензия сохранена
2026-02-10 06:36:26,152 - license_client - INFO - Проверка лицензии e47f49d7... на HWID CRAFT-B6DD50B6A9C5A349F55F
2026-02-10 06:36:26,322 - license_client - INFO - Лицензия сохранена
2026-02-10 06:36:26,326 - license_client - INFO - Лицензия действительна
2026-02-10 06:36:26,332 - license_client - INFO - Лицензия сохранена
2026-02-10 06:37:26,351 - license_client - INFO - Проверка лицензии e47f49d7... на HWID CRAFT-B6DD50B6A9C5A349F55F
2026-02-10 06:37:26,473 - license_client - INFO - Лицензия сохранена
2026-02-10 06:37:26,481 - license_client - INFO - Лицензия действительна
2026-02-10 06:37:26,488 - license_client - INFO - Лицензия сохранена
2026-02-10 06:38:26,506 - license_client - INFO - Проверка лицензии e47f49d7... на HWID CRAFT-B6DD50B6A9C5A349F55F
2026-02-10 06:38:26,611 - license_client - INFO - Лицензия сохранена
2026-02-10 06:38:26,633 - license_client - INFO - Лицензия действительна
2026-02-10 06:38:26,638 - license_client - INFO - Лицензия сохранена
2026-02-10 06:39:26,645 - license_client - INFO - Проверка лицензии e47f49d7... на HWID CRAFT-B6DD50B6A9C5A349F55F
2026-02-10 06:39:26,762 - license_client - INFO - Лицензия сохранена
2026-02-10 06:39:26,766 - license_client - INFO - Лицензия действительна
2026-02-10 06:39:26,772 - license_client - INFO - Лицензия сохранена
2026-02-10 06:40:26,788 - license_client - INFO - Проверка лицензии e47f49d7... на HWID CRAFT-B6DD50B6A9C5A349F55F
2026-02-10 06:40:26,938 - license_client - INFO - Лицензия сохранена
2026-02-10 06:40:26,965 - license_client - INFO - Лицензия действительна
2026-02-10 06:40:26,969 - license_client - INFO - Лицензия сохранена
2026-02-10 06:41:26,973 - license_client - INFO - Проверка лицензии e47f49d7... на HWID CRAFT-B6DD50B6A9C5A349F55F
2026-02-10 06:41:27,139 - license_client - INFO - Лицензия сохранена
2026-02-10 06:41:27,143 - license_client - INFO - Лицензия действительна
2026-02-10 06:41:27,150 - license_client - INFO - Лицензия сохранена
2026-02-10 06:42:27,170 - license_client - INFO - Проверка лицензии e47f49d7... на HWID CRAFT-B6DD50B6A9C5A349F55F
2026-02-10 06:42:27,286 - license_client - INFO - Лицензия сохранена
2026-02-10 06:42:27,293 - license_client - INFO - Лицензия действительна
2026-02-10 06:42:27,298 - license_client - INFO - Лицензия сохранена
2026-02-10 06:43:27,318 - license_client - INFO - Проверка лицензии e47f49d7... на HWID CRAFT-B6DD50B6A9C5A349F55F
2026-02-10 06:43:27,428 - license_client - INFO - Лицензия сохранена
2026-02-10 06:43:27,448 - license_client - INFO - Лицензия действительна
2026-02-10 06:43:27,459 - license_client - INFO - Лицензия сохранена
2026-02-10 06:44:27,475 - license_client - INFO - Проверка лицензии e47f49d7... на HWID CRAFT-B6DD50B6A9C5A349F55F
2026-02-10 06:44:27,604 - license_client - INFO - Лицензия сохранена
2026-02-10 06:44:27,623 - license_client - INFO - Лицензия действительна
2026-02-10 06:44:27,633 - license_client - INFO - Лицензия сохранена
2026-02-10 06:45:27,641 - license_client - INFO - Проверка лицензии e47f49d7... на HWID CRAFT-B6DD50B6A9C5A349F55F
2026-02-10 06:45:27,762 - license_client - INFO - Лицензия сохранена
2026-02-10 06:45:27,769 - license_client - INFO - Лицензия действительна
2026-02-10 06:45:27,778 - license_client - INFO - Лицензия сохранена
2026-02-10 06:46:27,798 - license_client - INFO - Проверка лицензии e47f49d7... на HWID CRAFT-B6DD50B6A9C5A349F55F
2026-02-10 06:46:27,950 - license_client - INFO - Лицензия сохранена
2026-02-10 06:46:27,975 - license_client - INFO - Лицензия действительна
2026-02-10 06:46:27,980 - license_client - INFO - Лицензия сохранена
2026-02-10 06:47:27,987 - license_client - INFO - Проверка лицензии e47f49d7... на HWID CRAFT-B6DD50B6A9C5A349F55F
2026-02-10 06:47:28,109 - license_client - INFO - Лицензия сохранена
2026-02-10 06:47:28,114 - license_client - INFO - Лицензия действительна
2026-02-10 06:47:28,118 - license_client - INFO - Лицензия сохранена
2026-02-10 06:48:28,128 - license_client - INFO - Проверка лицензии e47f49d7... на HWID CRAFT-B6DD50B6A9C5A349F55F
2026-02-10 06:48:28,328 - license_client - INFO - Лицензия сохранена
2026-02-10 06:48:28,331 - license_client - INFO - Лицензия действительна
2026-02-10 06:48:28,339 - license_client - INFO - Лицензия сохранена
2026-02-10 06:49:28,350 - license_client - INFO - Проверка лицензии e47f49d7... на HWID CRAFT-B6DD50B6A9C5A349F55F
2026-02-10 06:49:28,469 - license_client - INFO - Лицензия сохранена
2026-02-10 06:49:28,482 - license_client - INFO - Лицензия действительна
2026-02-10 06:49:28,486 - license_client - INFO - Лицензия сохранена
2026-02-10 06:50:28,500 - license_client - INFO - Проверка лицензии e47f49d7... на HWID CRAFT-B6DD50B6A9C5A349F55F
2026-02-10 06:50:28,642 - license_client - INFO - Лицензия сохранена
2026-02-10 06:50:28,662 - license_client - INFO - Лицензия действительна
2026-02-10 06:50:28,670 - license_client - INFO - Лицензия сохранена
2026-02-10 06:51:28,681 - license_client - INFO - Проверка лицензии e47f49d7... на HWID CRAFT-B6DD50B6A9C5A349F55F
2026-02-10 06:51:28,793 - license_client - INFO - Лицензия сохранена
2026-02-10 06:51:28,810 - license_client - INFO - Лицензия действительна
2026-02-10 06:51:28,815 - license_client - INFO - Лицензия сохранена
2026-02-10 06:52:28,827 - license_client - INFO - Проверка лицензии e47f49d7... на HWID CRAFT-B6DD50B6A9C5A349F55F
2026-02-10 06:52:28,972 - license_client - INFO - Лицензия сохранена
2026-02-10 06:52:28,976 - license_client - INFO - Лицензия действительна
2026-02-10 06:52:28,982 - license_client - INFO - Лицензия сохранена
2026-02-10 06:53:28,990 - license_client - INFO - Проверка лицензии e47f49d7... на HWID CRAFT-B6DD50B6A9C5A349F55F
2026-02-10 06:53:29,121 - license_client - INFO - Лицензия сохранена
2026-02-10 06:53:29,125 - license_client - INFO - Лицензия действительна
2026-02-10 06:53:29,131 - license_client - INFO - Лицензия сохранена
2026-02-10 06:54:29,146 - license_client - INFO - Проверка лицензии e47f49d7... на HWID CRAFT-B6DD50B6A9C5A349F55F
2026-02-10 06:54:29,319 - license_client - INFO - Лицензия сохранена
2026-02-10 06:54:29,338 - license_client - INFO - Лицензия действительна
2026-02-10 06:54:29,347 - license_client - INFO - Лицензия сохранена
2026-02-10 06:55:29,368 - license_client - INFO - Проверка лицензии e47f49d7... на HWID CRAFT-B6DD50B6A9C5A349F55F
2026-02-10 06:55:29,483 - license_client - INFO - Лицензия сохранена
2026-02-10 06:55:29,496 - license_client - INFO - Лицензия действительна
2026-02-10 06:55:29,506 - license_client - INFO - Лицензия сохранена
2026-02-10 06:56:29,520 - license_client - INFO - Проверка лицензии e47f49d7... на HWID CRAFT-B6DD50B6A9C5A349F55F
2026-02-10 06:56:29,696 - license_client - INFO - Лицензия сохранена
2026-02-10 06:56:29,701 - license_client - INFO - Лицензия действительна
2026-02-10 06:56:29,713 - license_client - INFO - Лицензия сохранена
2026-02-10 06:57:29,732 - license_client - INFO - Проверка лицензии e47f49d7... на HWID CRAFT-B6DD50B6A9C5A349F55F
2026-02-10 06:57:29,932 - license_client - INFO - Лицензия сохранена
2026-02-10 06:57:29,946 - license_client - INFO - Лицензия действительна
2026-02-10 06:57:29,956 - license_client - INFO - Лицензия сохранена
2026-02-10 06:58:29,975 - license_client - INFO - Проверка лицензии e47f49d7... на HWID CRAFT-B6DD50B6A9C5A349F55F
2026-02-10 06:58:30,094 - license_client - INFO - Лицензия сохранена
2026-02-10 06:58:30,106 - license_client - INFO - Лицензия действительна
2026-02-10 06:58:30,111 - license_client - INFO - Лицензия сохранена
2026-02-10 06:59:30,128 - license_client - INFO - Проверка лицензии e47f49d7... на HWID CRAFT-B6DD50B6A9C5A349F55F
2026-02-10 06:59:30,315 - license_client - INFO - Лицензия сохранена
2026-02-10 06:59:30,318 - license_client - INFO - Лицензия действительна
2026-02-10 06:59:30,324 - license_client - INFO - Лицензия сохранена
2026-02-10 07:00:30,341 - license_client - INFO - Проверка лицензии e47f49d7... на HWID CRAFT-B6DD50B6A9C5A349F55F
2026-02-10 07:00:30,484 - license_client - INFO - Лицензия сохранена
2026-02-10 07:00:30,491 - license_client - INFO - Лицензия действительна
2026-02-10 07:00:30,499 - license_client - INFO - Лицензия сохранена
2026-02-10 07:01:30,520 - license_client - INFO - Проверка лицензии e47f49d7... на HWID CRAFT-B6DD50B6A9C5A349F55F
2026-02-10 07:01:30,654 - license_client - INFO - Лицензия сохранена
2026-02-10 07:01:30,657 - license_client - INFO - Лицензия действительна
2026-02-10 07:01:30,665 - license_client - INFO - Лицензия сохранена
2026-02-10 07:02:30,681 - license_client - INFO - Проверка лицензии e47f49d7... на HWID CRAFT-B6DD50B6A9C5A349F55F
2026-02-10 07:02:30,831 - license_client - INFO - Лицензия сохранена
2026-02-10 07:02:30,840 - license_client - INFO - Лицензия действительна
2026-02-10 07:02:30,849 - license_client - INFO - Лицензия сохранена
2026-02-10 07:03:30,857 - license_client - INFO - Проверка лицензии e47f49d7... на HWID CRAFT-B6DD50B6A9C5A349F55F
2026-02-10 07:03:30,973 - license_client - INFO - Лицензия сохранена
2026-02-10 07:03:30,984 - license_client - INFO - Лицензия действительна
2026-02-10 07:03:30,992 - license_client - INFO - Лицензия сохранена
2026-02-10 07:04:31,013 - license_client - INFO - Проверка лицензии e47f49d7... на HWID CRAFT-B6DD50B6A9C5A349F55F
2026-02-10 07:04:31,133 - license_client - INFO - Лицензия сохранена
2026-02-10 07:04:31,143 - license_client - INFO - Лицензия действительна
2026-02-10 07:04:31,154 - license_client - INFO - Лицензия сохранена
2026-02-10 07:05:31,176 - license_client - INFO - Проверка лицензии e47f49d7... на HWID CRAFT-B6DD50B6A9C5A349F55F
2026-02-10 07:05:31,294 - license_client - INFO - Лицензия сохранена
2026-02-10 07:05:31,304 - license_client - INFO - Лицензия действительна
2026-02-10 07:05:31,311 - license_client - INFO - Лицензия сохранена
2026-02-10 07:06:31,322 - license_client - INFO - Проверка лицензии e47f49d7... на HWID CRAFT-B6DD50B6A9C5A349F55F
2026-02-10 07:06:31,482 - license_client - INFO - Лицензия сохранена
2026-02-10 07:06:31,500 - license_client - INFO - Лицензия действительна
2026-02-10 07:06:31,512 - license_client - INFO - Лицензия сохранена
2026-02-10 07:07:31,522 - license_client - INFO - Проверка лицензии e47f49d7... на HWID CRAFT-B6DD50B6A9C5A349F55F
2026-02-10 07:07:31,697 - license_client - INFO - Лицензия сохранена
2026-02-10 07:07:31,700 - license_client - INFO - Лицензия действительна
2026-02-10 07:07:31,706 - license_client - INFO - Лицензия сохранена
2026-02-10 07:08:31,727 - license_client - INFO - Проверка лицензии e47f49d7... на HWID CRAFT-B6DD50B6A9C5A349F55F
2026-02-10 07:08:31,855 - license_client - INFO - Лицензия сохранена
2026-02-10 07:08:31,872 - license_client - INFO - Лицензия действительна
2026-02-10 07:08:31,876 - license_client - INFO - Лицензия сохранена
2026-02-10 07:09:31,883 - license_client - INFO - Проверка лицензии e47f49d7... на HWID CRAFT-B6DD50B6A9C5A349F55F
2026-02-10 07:09:32,072 - license_client - INFO - Лицензия сохранена
2026-02-10 07:09:32,076 - license_client - INFO - Лицензия действительна
2026-02-10 07:09:32,082 - license_client - INFO - Лицензия сохранена
2026-02-10 07:10:32,098 - license_client - INFO - Проверка лицензии e47f49d7... на HWID CRAFT-B6DD50B6A9C5A349F55F
2026-02-10 07:10:32,213 - license_client - INFO - Лицензия сохранена
2026-02-10 07:10:32,218 - license_client - INFO - Лицензия действительна
2026-02-10 07:10:32,224 - license_client - INFO - Лицензия сохранена
2026-02-10 07:11:32,247 - license_client - INFO - Проверка лицензии e47f49d7... на HWID CRAFT-B6DD50B6A9C5A349F55F
2026-02-10 07:11:32,366 - license_client - INFO - Лицензия сохранена
2026-02-10 07:11:32,369 - license_client - INFO - Лицензия действительна
2026-02-10 07:11:32,376 - license_client - INFO - Лицензия сохранена
2026-02-10 07:12:32,396 - license_client - INFO - Проверка лицензии e47f49d7... на HWID CRAFT-B6DD50B6A9C5A349F55F
2026-02-10 07:12:32,509 - license_client - INFO - Лицензия сохранена
2026-02-10 07:12:32,526 - license_client - INFO - Лицензия действительна
2026-02-10 07:12:32,528 - license_client - INFO - Лицензия сохранена
2026-02-10 07:13:32,537 - license_client - INFO - Проверка лицензии e47f49d7... на HWID CRAFT-B6DD50B6A9C5A349F55F
2026-02-10 07:13:32,681 - license_client - INFO - Лицензия сохранена
2026-02-10 07:13:32,687 - license_client - INFO - Лицензия действительна
2026-02-10 07:13:32,696 - license_client - INFO - Лицензия сохранена
2026-02-10 07:14:32,714 - license_client - INFO - Проверка лицензии e47f49d7... на HWID CRAFT-B6DD50B6A9C5A349F55F
2026-02-10 07:14:32,869 - license_client - INFO - Лицензия сохранена
2026-02-10 07:14:32,888 - license_client - INFO - Лицензия действительна
2026-02-10 07:14:32,892 - license_client - INFO - Лицензия сохранена
2026-02-10 07:15:32,908 - license_client - INFO - Проверка лицензии e47f49d7... на HWID CRAFT-B6DD50B6A9C5A349F55F
2026-02-10 07:15:33,120 - license_client - INFO - Лицензия сохранена
2026-02-10 07:15:33,125 - license_client - INFO - Лицензия действительна
2026-02-10 07:15:33,133 - license_client - INFO - Лицензия сохранена
2026-02-10 07:16:33,141 - license_client - INFO - Проверка лицензии e47f49d7... на HWID CRAFT-B6DD50B6A9C5A349F55F
2026-02-10 07:16:33,308 - license_client - INFO - Лицензия сохранена
2026-02-10 07:16:33,316 - license_client - INFO - Лицензия действительна
2026-02-10 07:16:33,325 - license_client - INFO - Лицензия сохранена
2026-02-10 07:17:33,332 - license_client - INFO - Проверка лицензии e47f49d7... на HWID CRAFT-B6DD50B6A9C5A349F55F
2026-02-10 07:17:33,453 - license_client - INFO - Лицензия сохранена
2026-02-10 07:17:33,462 - license_client - INFO - Лицензия действительна
2026-02-10 07:17:33,465 - license_client - INFO - Лицензия сохранена
2026-02-10 07:18:33,476 - license_client - INFO - Проверка лицензии e47f49d7... на HWID CRAFT-B6DD50B6A9C5A349F55F
2026-02-10 07:18:33,590 - license_client - INFO - Лицензия сохранена
2026-02-10 07:18:33,606 - license_client - INFO - Лицензия действительна
2026-02-10 07:18:33,609 - license_client - INFO - Лицензия сохранена
2026-02-10 07:19:33,618 - license_client - INFO - Проверка лицензии e47f49d7... на HWID CRAFT-B6DD50B6A9C5A349F55F
2026-02-10 07:19:33,751 - license_client - INFO - Лицензия сохранена
2026-02-10 07:19:33,754 - license_client - INFO - Лицензия действительна
2026-02-10 07:19:33,763 - license_client - INFO - Лицензия сохранена
2026-02-10 07:20:33,776 - license_client - INFO - Проверка лицензии e47f49d7... на HWID CRAFT-B6DD50B6A9C5A349F55F
2026-02-10 07:20:33,932 - license_client - INFO - Лицензия сохранена
2026-02-10 07:20:33,937 - license_client - INFO - Лицензия действительна
2026-02-10 07:20:33,942 - license_client - INFO - Лицензия сохранена
2026-02-10 07:21:33,956 - license_client - INFO - Проверка лицензии e47f49d7... на HWID CRAFT-B6DD50B6A9C5A349F55F
2026-02-10 07:21:34,081 - license_client - INFO - Лицензия сохранена
2026-02-10 07:21:34,100 - license_client - INFO - Лицензия действительна
2026-02-10 07:21:34,104 - license_client - INFO - Лицензия сохранена
2026-02-10 07:22:34,120 - license_client - INFO - Проверка лицензии e47f49d7... на HWID CRAFT-B6DD50B6A9C5A349F55F
2026-02-10 07:22:34,261 - license_client - INFO - Лицензия сохранена
2026-02-10 07:22:34,285 - license_client - INFO - Лицензия действительна
2026-02-10 07:22:34,289 - license_client - INFO - Лицензия сохранена
2026-02-10 07:23:34,305 - license_client - INFO - Проверка лицензии e47f49d7... на HWID CRAFT-B6DD50B6A9C5A349F55F
2026-02-10 07:23:39,461 - license_client - INFO - Лицензия сохранена
2026-02-10 07:23:39,529 - license_client - INFO - Лицензия действительна
2026-02-10 07:23:39,533 - license_client - INFO - Лицензия сохранена
2026-02-10 07:24:39,543 - license_client - INFO - Проверка лицензии e47f49d7... на HWID CRAFT-B6DD50B6A9C5A349F55F
2026-02-10 07:24:39,659 - license_client - INFO - Лицензия сохранена
2026-02-10 07:24:39,671 - license_client - INFO - Лицензия действительна
2026-02-10 07:24:39,675 - license_client - INFO - Лицензия сохранена
2026-02-10 07:25:39,689 - license_client - INFO - Проверка лицензии e47f49d7... на HWID CRAFT-B6DD50B6A9C5A349F55F
2026-02-10 07:25:39,821 - license_client - INFO - Лицензия сохранена
2026-02-10 07:25:39,825 - license_client - INFO - Лицензия действительна
2026-02-10 07:25:39,832 - license_client - INFO - Лицензия сохранена
2026-02-10 07:26:39,852 - license_client - INFO - Проверка лицензии e47f49d7... на HWID CRAFT-B6DD50B6A9C5A349F55F
2026-02-10 07:26:39,966 - license_client - INFO - Лицензия сохранена
2026-02-10 07:26:39,982 - license_client - INFO - Лицензия действительна
2026-02-10 07:26:39,986 - license_client - INFO - Лицензия сохранена
2026-02-10 07:27:40,004 - license_client - INFO - Проверка лицензии e47f49d7... на HWID CRAFT-B6DD50B6A9C5A349F55F
2026-02-10 07:27:40,152 - license_client - INFO - Лицензия сохранена
2026-02-10 07:27:40,167 - license_client - INFO - Лицензия действительна
2026-02-10 07:27:40,176 - license_client - INFO - Лицензия сохранена
2026-02-10 07:28:40,193 - license_client - INFO - Проверка лицензии e47f49d7... на HWID CRAFT-B6DD50B6A9C5A349F55F
2026-02-10 07:28:40,305 - license_client - INFO - Лицензия сохранена
2026-02-10 07:28:40,326 - license_client - INFO - Лицензия действительна
2026-02-10 07:28:40,333 - license_client - INFO - Лицензия сохранена
2026-02-10 07:29:40,350 - license_client - INFO - Проверка лицензии e47f49d7... на HWID CRAFT-B6DD50B6A9C5A349F55F
2026-02-10 07:29:40,453 - license_client - INFO - Лицензия сохранена
2026-02-10 07:29:40,479 - license_client - INFO - Лицензия действительна
2026-02-10 07:29:40,484 - license_client - INFO - Лицензия сохранена
2026-02-10 07:30:40,488 - license_client - INFO - Проверка лицензии e47f49d7... на HWID CRAFT-B6DD50B6A9C5A349F55F
2026-02-10 07:30:40,631 - license_client - INFO - Лицензия сохранена
2026-02-10 07:30:40,636 - license_client - INFO - Лицензия действительна
2026-02-10 07:30:40,642 - license_client - INFO - Лицензия сохранена
2026-02-10 07:31:40,651 - license_client - INFO - Проверка лицензии e47f49d7... на HWID CRAFT-B6DD50B6A9C5A349F55F
2026-02-10 07:31:40,837 - license_client - INFO - Лицензия сохранена
2026-02-10 07:31:40,841 - license_client - INFO - Лицензия действительна
2026-02-10 07:31:40,849 - license_client - INFO - Лицензия сохранена
2026-02-10 07:32:40,871 - license_client - INFO - Проверка лицензии e47f49d7... на HWID CRAFT-B6DD50B6A9C5A349F55F
2026-02-10 07:32:41,012 - license_client - INFO - Лицензия сохранена
2026-02-10 07:32:41,018 - license_client - INFO - Лицензия действительна
2026-02-10 07:32:41,025 - license_client - INFO - Лицензия сохранена
2026-02-10 07:33:41,035 - license_client - INFO - Проверка лицензии e47f49d7... на HWID CRAFT-B6DD50B6A9C5A349F55F
2026-02-10 07:33:41,188 - license_client - INFO - Лицензия сохранена
2026-02-10 07:33:41,195 - license_client - INFO - Лицензия действительна
2026-02-10 07:33:41,199 - license_client - INFO - Лицензия сохранена
2026-02-10 07:34:41,207 - license_client - INFO - Проверка лицензии e47f49d7... на HWID CRAFT-B6DD50B6A9C5A349F55F
2026-02-10 07:34:41,320 - license_client - INFO - Лицензия сохранена
2026-02-10 07:34:41,324 - license_client - INFO - Лицензия действительна
2026-02-10 07:34:41,330 - license_client - INFO - Лицензия сохранена
2026-02-10 07:35:41,343 - license_client - INFO - Проверка лицензии e47f49d7... на HWID CRAFT-B6DD50B6A9C5A349F55F
2026-02-10 07:35:41,447 - license_client - INFO - Лицензия сохранена
2026-02-10 07:35:41,469 - license_client - INFO - Лицензия действительна
2026-02-10 07:35:41,474 - license_client - INFO - Лицензия сохранена
2026-02-10 07:36:41,489 - license_client - INFO - Проверка лицензии e47f49d7... на HWID CRAFT-B6DD50B6A9C5A349F55F
2026-02-10 07:36:41,654 - license_client - INFO - Лицензия сохранена
2026-02-10 07:36:41,659 - license_client - INFO - Лицензия действительна
2026-02-10 07:36:41,665 - license_client - INFO - Лицензия сохранена
2026-02-10 07:37:41,679 - license_client - INFO - Проверка лицензии e47f49d7... на HWID CRAFT-B6DD50B6A9C5A349F55F
2026-02-10 07:37:41,821 - license_client - INFO - Лицензия сохранена
2026-02-10 07:37:41,838 - license_client - INFO - Лицензия действительна
2026-02-10 07:37:41,842 - license_client - INFO - Лицензия сохранена
2026-02-10 07:38:41,849 - license_client - INFO - Проверка лицензии e47f49d7... на HWID CRAFT-B6DD50B6A9C5A349F55F
2026-02-10 07:38:41,981 - license_client - INFO - Лицензия сохранена
2026-02-10 07:38:41,986 - license_client - INFO - Лицензия действительна
2026-02-10 07:38:41,994 - license_client - INFO - Лицензия сохранена
2026-02-10 07:39:42,024 - license_client - INFO - Проверка лицензии e47f49d7... на HWID CRAFT-B6DD50B6A9C5A349F55F
2026-02-10 07:39:42,191 - license_client - INFO - Лицензия сохранена
2026-02-10 07:39:42,204 - license_client - INFO - Лицензия действительна
2026-02-10 07:39:42,211 - license_client - INFO - Лицензия сохранена
2026-02-10 07:40:42,222 - license_client - INFO - Проверка лицензии e47f49d7... на HWID CRAFT-B6DD50B6A9C5A349F55F
2026-02-10 07:40:42,389 - license_client - INFO - Лицензия сохранена
2026-02-10 07:40:42,400 - license_client - INFO - Лицензия действительна
2026-02-10 07:40:42,410 - license_client - INFO - Лицензия сохранена
2026-02-10 07:41:42,421 - license_client - INFO - Проверка лицензии e47f49d7... на HWID CRAFT-B6DD50B6A9C5A349F55F
2026-02-10 07:41:42,547 - license_client - INFO - Лицензия сохранена
2026-02-10 07:41:42,551 - license_client - INFO - Лицензия действительна
2026-02-10 07:41:42,558 - license_client - INFO - Лицензия сохранена
2026-02-10 07:42:42,575 - license_client - INFO - Проверка лицензии e47f49d7... на HWID CRAFT-B6DD50B6A9C5A349F55F
2026-02-10 07:42:42,695 - license_client - INFO - Лицензия сохранена
2026-02-10 07:42:42,704 - license_client - INFO - Лицензия действительна
2026-02-10 07:42:42,712 - license_client - INFO - Лицензия сохранена
2026-02-10 07:43:42,730 - license_client - INFO - Проверка лицензии e47f49d7... на HWID CRAFT-B6DD50B6A9C5A349F55F
2026-02-10 07:43:42,862 - license_client - INFO - Лицензия сохранена
2026-02-10 07:43:42,872 - license_client - INFO - Лицензия действительна
2026-02-10 07:43:42,876 - license_client - INFO - Лицензия сохранена
2026-02-10 07:44:42,887 - license_client - INFO - Проверка лицензии e47f49d7... на HWID CRAFT-B6DD50B6A9C5A349F55F
2026-02-10 07:44:42,997 - license_client - INFO - Лицензия сохранена
2026-02-10 07:44:43,016 - license_client - INFO - Лицензия действительна
2026-02-10 07:44:43,020 - license_client - INFO - Лицензия сохранена
2026-02-10 07:45:43,031 - license_client - INFO - Проверка лицензии e47f49d7... на HWID CRAFT-B6DD50B6A9C5A349F55F
2026-02-10 07:45:43,221 - license_client - INFO - Лицензия сохранена
2026-02-10 07:45:43,226 - license_client - INFO - Лицензия действительна
2026-02-10 07:45:43,232 - license_client - INFO - Лицензия сохранена
2026-02-10 07:46:43,241 - license_client - INFO - Проверка лицензии e47f49d7... на HWID CRAFT-B6DD50B6A9C5A349F55F
2026-02-10 07:46:43,368 - license_client - INFO - Лицензия сохранена
2026-02-10 07:46:43,380 - license_client - INFO - Лицензия действительна
2026-02-10 07:46:43,387 - license_client - INFO - Лицензия сохранена
2026-02-10 07:47:43,407 - license_client - INFO - Проверка лицензии e47f49d7... на HWID CRAFT-B6DD50B6A9C5A349F55F
2026-02-10 07:47:43,517 - license_client - INFO - Лицензия сохранена
2026-02-10 07:47:43,534 - license_client - INFO - Лицензия действительна
2026-02-10 07:47:43,538 - license_client - INFO - Лицензия сохранена
2026-02-10 07:48:43,552 - license_client - INFO - Проверка лицензии e47f49d7... на HWID CRAFT-B6DD50B6A9C5A349F55F
2026-02-10 07:48:43,714 - license_client - INFO - Лицензия сохранена
2026-02-10 07:48:43,730 - license_client - INFO - Лицензия действительна
2026-02-10 07:48:43,733 - license_client - INFO - Лицензия сохранена
2026-02-10 07:49:43,738 - license_client - INFO - Проверка лицензии e47f49d7... на HWID CRAFT-B6DD50B6A9C5A349F55F
2026-02-10 07:49:43,920 - license_client - INFO - Лицензия сохранена
2026-02-10 07:49:43,935 - license_client - INFO - Лицензия действительна
2026-02-10 07:49:43,938 - license_client - INFO - Лицензия сохранена
2026-02-10 07:50:43,958 - license_client - INFO - Проверка лицензии e47f49d7... на HWID CRAFT-B6DD50B6A9C5A349F55F
2026-02-10 07:50:44,095 - license_client - INFO - Лицензия сохранена
2026-02-10 07:50:44,116 - license_client - INFO - Лицензия действительна
2026-02-10 07:50:44,120 - license_client - INFO - Лицензия сохранена
2026-02-10 07:51:44,140 - license_client - INFO - Проверка лицензии e47f49d7... на HWID CRAFT-B6DD50B6A9C5A349F55F
2026-02-10 07:51:44,261 - license_client - INFO - Лицензия сохранена
2026-02-10 07:51:44,270 - license_client - INFO - Лицензия действительна
2026-02-10 07:51:44,279 - license_client - INFO - Лицензия сохранена
2026-02-10 07:52:44,298 - license_client - INFO - Проверка лицензии e47f49d7... на HWID CRAFT-B6DD50B6A9C5A349F55F
2026-02-10 07:52:44,424 - license_client - INFO - Лицензия сохранена
2026-02-10 07:52:44,434 - license_client - INFO - Лицензия действительна
2026-02-10 07:52:44,441 - license_client - INFO - Лицензия сохранена
2026-02-10 07:53:44,449 - license_client - INFO - Проверка лицензии e47f49d7... на HWID CRAFT-B6DD50B6A9C5A349F55F
2026-02-10 07:53:44,621 - license_client - INFO - Лицензия сохранена
2026-02-10 07:53:44,627 - license_client - INFO - Лицензия действительна
2026-02-10 07:53:44,637 - license_client - INFO - Лицензия сохранена
2026-02-10 07:54:44,649 - license_client - INFO - Проверка лицензии e47f49d7... на HWID CRAFT-B6DD50B6A9C5A349F55F
2026-02-10 07:54:44,817 - license_client - INFO - Лицензия сохранена
2026-02-10 07:54:44,849 - license_client - INFO - Лицензия действительна
2026-02-10 07:54:44,854 - license_client - INFO - Лицензия сохранена
2026-02-10 07:55:44,868 - license_client - INFO - Проверка лицензии e47f49d7... на HWID CRAFT-B6DD50B6A9C5A349F55F
2026-02-10 07:55:45,072 - license_client - INFO - Лицензия сохранена
2026-02-10 07:55:45,141 - license_client - INFO - Лицензия действительна
2026-02-10 07:55:45,148 - license_client - INFO - Лицензия сохранена
2026-02-10 07:56:45,162 - license_client - INFO - Проверка лицензии e47f49d7... на HWID CRAFT-B6DD50B6A9C5A349F55F
2026-02-10 07:56:48,391 - license_client - INFO - Лицензия сохранена
2026-02-10 07:56:48,446 - license_client - INFO - Лицензия действительна
2026-02-10 07:56:48,453 - license_client - INFO - Лицензия сохранена
2026-02-10 07:57:48,473 - license_client - INFO - Проверка лицензии e47f49d7... на HWID CRAFT-B6DD50B6A9C5A349F55F
2026-02-10 07:57:48,614 - license_client - INFO - Лицензия сохранена
2026-02-10 07:57:48,633 - license_client - INFO - Лицензия действительна
2026-02-10 07:57:48,641 - license_client - INFO - Лицензия сохранена
2026-02-10 07:58:48,661 - license_client - INFO - Проверка лицензии e47f49d7... на HWID CRAFT-B6DD50B6A9C5A349F55F
2026-02-10 07:58:48,793 - license_client - INFO - Лицензия сохранена
2026-02-10 07:58:48,797 - license_client - INFO - Лицензия действительна
2026-02-10 07:58:48,803 - license_client - INFO - Лицензия сохранена
2026-02-10 07:59:48,821 - license_client - INFO - Проверка лицензии e47f49d7... на HWID CRAFT-B6DD50B6A9C5A349F55F
2026-02-10 07:59:48,937 - license_client - INFO - Лицензия сохранена
2026-02-10 07:59:48,954 - license_client - INFO - Лицензия действительна
2026-02-10 07:59:48,961 - license_client - INFO - Лицензия сохранена
2026-02-10 08:00:48,977 - license_client - INFO - Проверка лицензии e47f49d7... на HWID CRAFT-B6DD50B6A9C5A349F55F
2026-02-10 08:00:49,155 - license_client - INFO - Лицензия сохранена
2026-02-10 08:00:49,185 - license_client - INFO - Лицензия действительна
2026-02-10 08:00:49,189 - license_client - INFO - Лицензия сохранена
2026-02-10 08:01:49,198 - license_client - INFO - Проверка лицензии e47f49d7... на HWID CRAFT-B6DD50B6A9C5A349F55F
2026-02-10 08:01:49,335 - license_client - INFO - Лицензия сохранена
2026-02-10 08:01:49,338 - license_client - INFO - Лицензия действительна
2026-02-10 08:01:49,344 - license_client - INFO - Лицензия сохранена
2026-02-10 08:02:49,359 - license_client - INFO - Проверка лицензии e47f49d7... на HWID CRAFT-B6DD50B6A9C5A349F55F
2026-02-10 08:02:49,529 - license_client - INFO - Лицензия сохранена
2026-02-10 08:02:49,539 - license_client - INFO - Лицензия действительна
2026-02-10 08:02:49,546 - license_client - INFO - Лицензия сохранена
2026-02-10 08:03:49,559 - license_client - INFO - Проверка лицензии e47f49d7... на HWID CRAFT-B6DD50B6A9C5A349F55F
2026-02-10 08:03:49,767 - license_client - INFO - Лицензия сохранена
2026-02-10 08:03:49,773 - license_client - INFO - Лицензия действительна
2026-02-10 08:03:49,778 - license_client - INFO - Лицензия сохранена
2026-02-10 08:04:49,788 - license_client - INFO - Проверка лицензии e47f49d7... на HWID CRAFT-B6DD50B6A9C5A349F55F
2026-02-10 08:04:49,951 - license_client - INFO - Лицензия сохранена
2026-02-10 08:04:49,955 - license_client - INFO - Лицензия действительна
2026-02-10 08:04:49,960 - license_client - INFO - Лицензия сохранена
2026-02-10 08:05:49,978 - license_client - INFO - Проверка лицензии e47f49d7... на HWID CRAFT-B6DD50B6A9C5A349F55F
2026-02-10 08:05:50,133 - license_client - INFO - Лицензия сохранена
2026-02-10 08:05:50,138 - license_client - INFO - Лицензия действительна
2026-02-10 08:05:50,145 - license_client - INFO - Лицензия сохранена
2026-02-10 08:06:50,166 - license_client - INFO - Проверка лицензии e47f49d7... на HWID CRAFT-B6DD50B6A9C5A349F55F
2026-02-10 08:06:50,410 - license_client - INFO - Лицензия сохранена
2026-02-10 08:06:50,414 - license_client - INFO - Лицензия действительна
2026-02-10 08:06:50,419 - license_client - INFO - Лицензия сохранена
2026-02-10 08:07:50,433 - license_client - INFO - Проверка лицензии e47f49d7... на HWID CRAFT-B6DD50B6A9C5A349F55F
2026-02-10 08:07:50,575 - license_client - INFO - Лицензия сохранена
2026-02-10 08:07:50,580 - license_client - INFO - Лицензия действительна
2026-02-10 08:07:50,587 - license_client - INFO - Лицензия сохранена
2026-02-10 08:08:50,592 - license_client - INFO - Проверка лицензии e47f49d7... на HWID CRAFT-B6DD50B6A9C5A349F55F
2026-02-10 08:08:50,769 - license_client - INFO - Лицензия сохранена
2026-02-10 08:08:50,788 - license_client - INFO - Лицензия действительна
2026-02-10 08:08:50,792 - license_client - INFO - Лицензия сохранена
2026-02-10 08:09:50,807 - license_client - INFO - Проверка лицензии e47f49d7... на HWID CRAFT-B6DD50B6A9C5A349F55F
2026-02-10 08:09:50,928 - license_client - INFO - Лицензия сохранена
2026-02-10 08:09:50,934 - license_client - INFO - Лицензия действительна
2026-02-10 08:09:50,938 - license_client - INFO - Лицензия сохранена
2026-02-10 08:10:50,955 - license_client - INFO - Проверка лицензии e47f49d7... на HWID CRAFT-B6DD50B6A9C5A349F55F
2026-02-10 08:10:51,082 - license_client - INFO - Лицензия сохранена
2026-02-10 08:10:51,090 - license_client - INFO - Лицензия действительна
2026-02-10 08:10:51,097 - license_client - INFO - Лицензия сохранена
2026-02-10 08:11:51,110 - license_client - INFO - Проверка лицензии e47f49d7... на HWID CRAFT-B6DD50B6A9C5A349F55F
2026-02-10 08:11:51,225 - license_client - INFO - Лицензия сохранена
2026-02-10 08:11:51,231 - license_client - INFO - Лицензия действительна
2026-02-10 08:11:51,238 - license_client - INFO - Лицензия сохранена
2026-02-10 08:12:51,256 - license_client - INFO - Проверка лицензии e47f49d7... на HWID CRAFT-B6DD50B6A9C5A349F55F
2026-02-10 08:12:51,405 - license_client - INFO - Лицензия сохранена
2026-02-10 08:12:51,411 - license_client - INFO - Лицензия действительна
2026-02-10 08:12:51,418 - license_client - INFO - Лицензия сохранена
2026-02-10 08:13:51,439 - license_client - INFO - Проверка лицензии e47f49d7... на HWID CRAFT-B6DD50B6A9C5A349F55F
2026-02-10 08:13:51,613 - license_client - INFO - Лицензия сохранена
2026-02-10 08:13:51,617 - license_client - INFO - Лицензия действительна
2026-02-10 08:13:51,624 - license_client - INFO - Лицензия сохранена
2026-02-10 08:14:51,643 - license_client - INFO - Проверка лицензии e47f49d7... на HWID CRAFT-B6DD50B6A9C5A349F55F
2026-02-10 08:14:51,807 - license_client - INFO - Лицензия сохранена
2026-02-10 08:14:51,831 - license_client - INFO - Лицензия действительна
2026-02-10 08:14:51,837 - license_client - INFO - Лицензия сохранена
2026-02-10 08:15:51,854 - license_client - INFO - Проверка лицензии e47f49d7... на HWID CRAFT-B6DD50B6A9C5A349F55F
2026-02-10 08:15:51,991 - license_client - INFO - Лицензия сохранена
2026-02-10 08:15:51,994 - license_client - INFO - Лицензия действительна
2026-02-10 08:15:52,001 - license_client - INFO - Лицензия сохранена
2026-02-10 08:16:52,015 - license_client - INFO - Проверка лицензии e47f49d7... на HWID CRAFT-B6DD50B6A9C5A349F55F
2026-02-10 08:16:52,127 - license_client - INFO - Лицензия сохранена
2026-02-10 08:16:52,145 - license_client - INFO - Лицензия действительна
2026-02-10 08:16:52,148 - license_client - INFO - Лицензия сохранена
2026-02-10 08:17:52,154 - license_client - INFO - Проверка лицензии e47f49d7... на HWID CRAFT-B6DD50B6A9C5A349F55F
2026-02-10 08:17:52,269 - license_client - INFO - Лицензия сохранена
2026-02-10 08:17:52,275 - license_client - INFO - Лицензия действительна
2026-02-10 08:17:52,280 - license_client - INFO - Лицензия сохранена
2026-02-10 08:18:52,291 - license_client - INFO - Проверка лицензии e47f49d7... на HWID CRAFT-B6DD50B6A9C5A349F55F
2026-02-10 08:18:52,430 - license_client - INFO - Лицензия сохранена
2026-02-10 08:18:52,435 - license_client - INFO - Лицензия действительна
2026-02-10 08:18:52,442 - license_client - INFO - Лицензия сохранена
2026-02-10 08:19:02,775 - license_client - INFO - Загружен сохраненный HWID: CRAFT-B6DD50B6A9C5A349F55F
2026-02-10 08:19:02,784 - license_client - INFO - Инициализирован HWID: CRAFT-B6DD50B6A9C5A349F55F
2026-02-10 08:19:02,788 - license_client - INFO - Лицензия действительна до 2026-02-10 16:48:04.503768
2026-02-10 08:19:02,794 - license_client - INFO - Загружена лицензия: True
2026-02-10 08:19:02,798 - license_client - INFO - Проверка лицензии e47f49d7... на HWID CRAFT-B6DD50B6A9C5A349F55F
2026-02-10 08:19:02,908 - license_client - INFO - Лицензия сохранена
2026-02-10 08:19:02,923 - license_client - INFO - Лицензия действительна
2026-02-10 08:19:03,361 - license_client - INFO - Запущена фоновая проверка лицензии
2026-02-10 08:20:03,365 - license_client - INFO - Проверка лицензии e47f49d7... на HWID CRAFT-B6DD50B6A9C5A349F55F
2026-02-10 08:20:03,498 - license_client - INFO - Лицензия сохранена
2026-02-10 08:20:03,501 - license_client - INFO - Лицензия действительна
2026-02-10 08:20:03,511 - license_client - INFO - Лицензия сохранена
2026-02-10 08:21:03,518 - license_client - INFO - Проверка лицензии e47f49d7... на HWID CRAFT-B6DD50B6A9C5A349F55F
2026-02-10 08:21:03,677 - license_client - INFO - Лицензия сохранена
2026-02-10 08:21:03,682 - license_client - INFO - Лицензия действительна
2026-02-10 08:21:03,688 - license_client - INFO - Лицензия сохранена
2026-02-10 08:22:03,707 - license_client - INFO - Проверка лицензии e47f49d7... на HWID CRAFT-B6DD50B6A9C5A349F55F
2026-02-10 08:22:03,822 - license_client - INFO - Лицензия сохранена
2026-02-10 08:22:03,826 - license_client - INFO - Лицензия действительна
2026-02-10 08:22:03,832 - license_client - INFO - Лицензия сохранена
2026-02-10 08:23:03,843 - license_client - INFO - Проверка лицензии e47f49d7... на HWID CRAFT-B6DD50B6A9C5A349F55F
2026-02-10 08:23:03,971 - license_client - INFO - Лицензия сохранена
2026-02-10 08:23:03,974 - license_client - INFO - Лицензия действительна
2026-02-10 08:23:03,983 - license_client - INFO - Лицензия сохранена
2026-02-10 08:23:56,210 - license_client - INFO - Загружен сохраненный HWID: CRAFT-B6DD50B6A9C5A349F55F
2026-02-10 08:23:56,274 - license_client - INFO - Инициализирован HWID: CRAFT-B6DD50B6A9C5A349F55F
2026-02-10 08:23:56,277 - license_client - INFO - Лицензия действительна до 2026-02-10 16:48:04.503768
2026-02-10 08:23:56,282 - license_client - INFO - Загружена лицензия: True
2026-02-10 08:23:56,286 - license_client - INFO - Проверка лицензии e47f49d7... на HWID CRAFT-B6DD50B6A9C5A349F55F
2026-02-10 08:23:56,421 - license_client - INFO - Лицензия сохранена
2026-02-10 08:23:56,426 - license_client - INFO - Лицензия действительна
2026-02-10 08:23:56,851 - license_client - INFO - Запущена фоновая проверка лицензии
2026-02-10 08:24:56,861 - license_client - INFO - Проверка лицензии e47f49d7... на HWID CRAFT-B6DD50B6A9C5A349F55F
2026-02-10 08:24:57,012 - license_client - INFO - Лицензия сохранена
2026-02-10 08:24:57,016 - license_client - INFO - Лицензия действительна
2026-02-10 08:24:57,024 - license_client - INFO - Лицензия сохранена
2026-02-10 08:25:57,042 - license_client - INFO - Проверка лицензии e47f49d7... на HWID CRAFT-B6DD50B6A9C5A349F55F
2026-02-10 08:25:57,156 - license_client - INFO - Лицензия сохранена
2026-02-10 08:25:57,169 - license_client - INFO - Лицензия действительна
2026-02-10 08:25:57,173 - license_client - INFO - Лицензия сохранена
2026-02-10 08:26:57,183 - license_client - INFO - Проверка лицензии e47f49d7... на HWID CRAFT-B6DD50B6A9C5A349F55F
2026-02-10 08:26:57,294 - license_client - INFO - Лицензия сохранена
2026-02-10 08:26:57,311 - license_client - INFO - Лицензия действительна
2026-02-10 08:26:57,314 - license_client - INFO - Лицензия сохранена
2026-02-10 08:27:57,328 - license_client - INFO - Проверка лицензии e47f49d7... на HWID CRAFT-B6DD50B6A9C5A349F55F
2026-02-10 08:27:57,496 - license_client - INFO - Лицензия сохранена
2026-02-10 08:27:57,499 - license_client - INFO - Лицензия действительна
2026-02-10 08:27:57,507 - license_client - INFO - Лицензия сохранена
2026-02-10 08:28:57,528 - license_client - INFO - Проверка лицензии e47f49d7... на HWID CRAFT-B6DD50B6A9C5A349F55F
2026-02-10 08:28:57,664 - license_client - INFO - Лицензия сохранена
2026-02-10 08:28:57,668 - license_client - INFO - Лицензия действительна
2026-02-10 08:28:57,674 - license_client - INFO - Лицензия сохранена
2026-02-10 08:29:57,690 - license_client - INFO - Проверка лицензии e47f49d7... на HWID CRAFT-B6DD50B6A9C5A349F55F
2026-02-10 08:29:57,889 - license_client - INFO - Лицензия сохранена
2026-02-10 08:29:57,894 - license_client - INFO - Лицензия действительна
2026-02-10 08:29:57,905 - license_client - INFO - Лицензия сохранена
2026-02-10 08:30:57,923 - license_client - INFO - Проверка лицензии e47f49d7... на HWID CRAFT-B6DD50B6A9C5A349F55F
2026-02-10 08:30:58,089 - license_client - INFO - Лицензия сохранена
2026-02-10 08:30:58,098 - license_client - INFO - Лицензия действительна
2026-02-10 08:30:58,105 - license_client - INFO - Лицензия сохранена
2026-02-10 08:31:58,119 - license_client - INFO - Проверка лицензии e47f49d7... на HWID CRAFT-B6DD50B6A9C5A349F55F
2026-02-10 08:31:58,245 - license_client - INFO - Лицензия сохранена
2026-02-10 08:31:58,249 - license_client - INFO - Лицензия действительна
2026-02-10 08:31:58,257 - license_client - INFO - Лицензия сохранена
2026-02-10 08:32:58,265 - license_client - INFO - Проверка лицензии e47f49d7... на HWID CRAFT-B6DD50B6A9C5A349F55F
2026-02-10 08:32:58,398 - license_client - INFO - Лицензия сохранена
2026-02-10 08:32:58,403 - license_client - INFO - Лицензия действительна
2026-02-10 08:32:58,410 - license_client - INFO - Лицензия сохранена
2026-02-10 08:33:58,427 - license_client - INFO - Проверка лицензии e47f49d7... на HWID CRAFT-B6DD50B6A9C5A349F55F
2026-02-10 08:33:58,539 - license_client - INFO - Лицензия сохранена
2026-02-10 08:33:58,547 - license_client - INFO - Лицензия действительна
2026-02-10 08:33:58,551 - license_client - INFO - Лицензия сохранена
2026-02-10 08:34:58,568 - license_client - INFO - Проверка лицензии e47f49d7... на HWID CRAFT-B6DD50B6A9C5A349F55F
2026-02-10 08:34:58,679 - license_client - INFO - Лицензия сохранена
2026-02-10 08:34:58,684 - license_client - INFO - Лицензия действительна
2026-02-10 08:34:58,691 - license_client - INFO - Лицензия сохранена
2026-02-10 08:35:58,704 - license_client - INFO - Проверка лицензии e47f49d7... на HWID CRAFT-B6DD50B6A9C5A349F55F
2026-02-10 08:35:58,837 - license_client - INFO - Лицензия сохранена
2026-02-10 08:35:58,840 - license_client - INFO - Лицензия действительна
2026-02-10 08:35:58,848 - license_client - INFO - Лицензия сохранена
2026-02-10 08:36:58,869 - license_client - INFO - Проверка лицензии e47f49d7... на HWID CRAFT-B6DD50B6A9C5A349F55F
2026-02-10 08:36:59,018 - license_client - INFO - Лицензия сохранена
2026-02-10 08:36:59,029 - license_client - INFO - Лицензия действительна
2026-02-10 08:36:59,032 - license_client - INFO - Лицензия сохранена
2026-02-10 08:37:01,277 - license_client - INFO - Загружен сохраненный HWID: CRAFT-B6DD50B6A9C5A349F55F
2026-02-10 08:37:01,324 - license_client - INFO - Инициализирован HWID: CRAFT-B6DD50B6A9C5A349F55F
2026-02-10 08:37:01,328 - license_client - INFO - Лицензия действительна до 2026-02-10 16:48:04.503768
2026-02-10 08:37:01,332 - license_client - INFO - Загружена лицензия: True
2026-02-10 08:37:01,337 - license_client - INFO - Проверка лицензии e47f49d7... на HWID CRAFT-B6DD50B6A9C5A349F55F
2026-02-10 08:37:01,457 - license_client - INFO - Лицензия сохранена
2026-02-10 08:37:01,461 - license_client - INFO - Лицензия действительна
2026-02-10 08:37:01,888 - license_client - INFO - Запущена фоновая проверка лицензии
2026-02-10 08:38:01,895 - license_client - INFO - Проверка лицензии e47f49d7... на HWID CRAFT-B6DD50B6A9C5A349F55F
2026-02-10 08:38:02,008 - license_client - INFO - Лицензия сохранена
2026-02-10 08:38:02,012 - license_client - INFO - Лицензия действительна
2026-02-10 08:38:02,019 - license_client - INFO - Лицензия сохранена
2026-02-10 08:39:02,031 - license_client - INFO - Проверка лицензии e47f49d7... на HWID CRAFT-B6DD50B6A9C5A349F55F
2026-02-10 08:39:02,138 - license_client - INFO - Лицензия сохранена
2026-02-10 08:39:02,164 - license_client - INFO - Лицензия действительна
2026-02-10 08:39:02,169 - license_client - INFO - Лицензия сохранена
2026-02-10 08:40:02,184 - license_client - INFO - Проверка лицензии e47f49d7... на HWID CRAFT-B6DD50B6A9C5A349F55F
2026-02-10 08:40:02,311 - license_client - INFO - Лицензия сохранена
2026-02-10 08:40:02,330 - license_client - INFO - Лицензия действительна
2026-02-10 08:40:02,332 - license_client - INFO - Лицензия сохранена
2026-02-10 08:41:02,351 - license_client - INFO - Проверка лицензии e47f49d7... на HWID CRAFT-B6DD50B6A9C5A349F55F
2026-02-10 08:41:02,527 - license_client - INFO - Лицензия сохранена
2026-02-10 08:41:02,542 - license_client - INFO - Лицензия действительна
2026-02-10 08:41:02,545 - license_client - INFO - Лицензия сохранена
2026-02-10 08:42:02,561 - license_client - INFO - Проверка лицензии e47f49d7... на HWID CRAFT-B6DD50B6A9C5A349F55F
2026-02-10 08:42:02,676 - license_client - INFO - Лицензия сохранена
2026-02-10 08:42:02,696 - license_client - INFO - Лицензия действительна
2026-02-10 08:42:02,699 - license_client - INFO - Лицензия сохранена
2026-02-10 08:43:02,713 - license_client - INFO - Проверка лицензии e47f49d7... на HWID CRAFT-B6DD50B6A9C5A349F55F
2026-02-10 08:43:02,891 - license_client - INFO - Лицензия сохранена
2026-02-10 08:43:02,902 - license_client - INFO - Лицензия действительна
2026-02-10 08:43:02,904 - license_client - INFO - Лицензия сохранена
2026-02-10 08:44:02,915 - license_client - INFO - Проверка лицензии e47f49d7... на HWID CRAFT-B6DD50B6A9C5A349F55F
2026-02-10 08:44:03,090 - license_client - INFO - Лицензия сохранена
2026-02-10 08:44:03,106 - license_client - INFO - Лицензия действительна
2026-02-10 08:44:03,108 - license_client - INFO - Лицензия сохранена
2026-02-10 08:45:03,122 - license_client - INFO - Проверка лицензии e47f49d7... на HWID CRAFT-B6DD50B6A9C5A349F55F
2026-02-10 08:45:03,241 - license_client - INFO - Лицензия сохранена
2026-02-10 08:45:03,267 - license_client - INFO - Лицензия действительна
2026-02-10 08:45:03,270 - license_client - INFO - Лицензия сохранена
2026-02-10 08:46:03,284 - license_client - INFO - Проверка лицензии e47f49d7... на HWID CRAFT-B6DD50B6A9C5A349F55F
2026-02-10 08:46:03,429 - license_client - INFO - Лицензия сохранена
2026-02-10 08:46:03,433 - license_client - INFO - Лицензия действительна
2026-02-10 08:46:03,441 - license_client - INFO - Лицензия сохранена
2026-02-10 08:47:03,461 - license_client - INFO - Проверка лицензии e47f49d7... на HWID CRAFT-B6DD50B6A9C5A349F55F
2026-02-10 08:47:03,582 - license_client - INFO - Лицензия сохранена
2026-02-10 08:47:03,588 - license_client - INFO - Лицензия действительна
2026-02-10 08:47:03,598 - license_client - INFO - Лицензия сохранена
2026-02-10 08:47:06,051 - license_client - INFO - Загружен сохраненный HWID: CRAFT-B6DD50B6A9C5A349F55F
2026-02-10 08:47:06,114 - license_client - INFO - Инициализирован HWID: CRAFT-B6DD50B6A9C5A349F55F
2026-02-10 08:47:06,118 - license_client - INFO - Лицензия действительна до 2026-02-10 16:48:04.503768
2026-02-10 08:47:06,123 - license_client - INFO - Загружена лицензия: True
2026-02-10 08:47:06,126 - license_client - INFO - Проверка лицензии e47f49d7... на HWID CRAFT-B6DD50B6A9C5A349F55F
2026-02-10 08:47:06,269 - license_client - INFO - Лицензия сохранена
2026-02-10 08:47:06,273 - license_client - INFO - Лицензия действительна
2026-02-10 08:47:06,692 - license_client - INFO - Запущена фоновая проверка лицензии
2026-02-10 08:48:06,707 - license_client - INFO - Проверка лицензии e47f49d7... на HWID CRAFT-B6DD50B6A9C5A349F55F
2026-02-10 08:48:06,811 - license_client - INFO - Лицензия сохранена
2026-02-10 08:48:06,837 - license_client - INFO - Лицензия действительна
2026-02-10 08:48:06,841 - license_client - INFO - Лицензия сохранена
2026-02-10 08:49:06,852 - license_client - INFO - Проверка лицензии e47f49d7... на HWID CRAFT-B6DD50B6A9C5A349F55F
2026-02-10 08:49:07,047 - license_client - INFO - Лицензия сохранена
2026-02-10 08:49:07,050 - license_client - INFO - Лицензия действительна
2026-02-10 08:49:07,057 - license_client - INFO - Лицензия сохранена
2026-02-10 08:50:07,072 - license_client - INFO - Проверка лицензии e47f49d7... на HWID CRAFT-B6DD50B6A9C5A349F55F
2026-02-10 08:50:07,183 - license_client - INFO - Лицензия сохранена
2026-02-10 08:50:07,200 - license_client - INFO - Лицензия действительна
2026-02-10 08:50:07,203 - license_client - INFO - Лицензия сохранена
2026-02-10 08:51:07,220 - license_client - INFO - Проверка лицензии e47f49d7... на HWID CRAFT-B6DD50B6A9C5A349F55F
2026-02-10 08:51:07,347 - license_client - INFO - Лицензия сохранена
2026-02-10 08:51:07,355 - license_client - INFO - Лицензия действительна
2026-02-10 08:51:07,360 - license_client - INFO - Лицензия сохранена
2026-02-10 08:51:10,459 - license_client - INFO - Загружен сохраненный HWID: CRAFT-B6DD50B6A9C5A349F55F
2026-02-10 08:51:10,516 - license_client - INFO - Инициализирован HWID: CRAFT-B6DD50B6A9C5A349F55F
2026-02-10 08:51:10,520 - license_client - INFO - Лицензия действительна до 2026-02-10 16:48:04.503768
2026-02-10 08:51:10,524 - license_client - INFO - Загружена лицензия: True
2026-02-10 08:51:10,527 - license_client - INFO - Проверка лицензии e47f49d7... на HWID CRAFT-B6DD50B6A9C5A349F55F
2026-02-10 08:51:10,645 - license_client - INFO - Лицензия сохранена
2026-02-10 08:51:10,655 - license_client - INFO - Лицензия действительна
2026-02-10 08:51:11,076 - license_client - INFO - Запущена фоновая проверка лицензии
2026-02-10 08:52:11,091 - license_client - INFO - Проверка лицензии e47f49d7... на HWID CRAFT-B6DD50B6A9C5A349F55F
2026-02-10 08:52:11,209 - license_client - INFO - Лицензия сохранена
2026-02-10 08:52:11,213 - license_client - INFO - Лицензия действительна
2026-02-10 08:52:11,219 - license_client - INFO - Лицензия сохранена
2026-02-10 08:53:11,228 - license_client - INFO - Проверка лицензии e47f49d7... на HWID CRAFT-B6DD50B6A9C5A349F55F
2026-02-10 08:53:11,410 - license_client - INFO - Лицензия сохранена
2026-02-10 08:53:11,418 - license_client - INFO - Лицензия действительна
2026-02-10 08:53:11,423 - license_client - INFO - Лицензия сохранена
2026-02-10 08:54:11,436 - license_client - INFO - Проверка лицензии e47f49d7... на HWID CRAFT-B6DD50B6A9C5A349F55F
2026-02-10 08:54:11,601 - license_client - INFO - Лицензия сохранена
2026-02-10 08:54:11,606 - license_client - INFO - Лицензия действительна
2026-02-10 08:54:11,615 - license_client - INFO - Лицензия сохранена
2026-02-10 08:55:11,625 - license_client - INFO - Проверка лицензии e47f49d7... на HWID CRAFT-B6DD50B6A9C5A349F55F
2026-02-10 08:55:11,804 - license_client - INFO - Лицензия сохранена
2026-02-10 08:55:11,810 - license_client - INFO - Лицензия действительна
2026-02-10 08:55:11,819 - license_client - INFO - Лицензия сохранена
2026-02-10 08:56:11,825 - license_client - INFO - Проверка лицензии e47f49d7... на HWID CRAFT-B6DD50B6A9C5A349F55F
2026-02-10 08:56:11,954 - license_client - INFO - Лицензия сохранена
2026-02-10 08:56:11,959 - license_client - INFO - Лицензия действительна
2026-02-10 08:56:11,966 - license_client - INFO - Лицензия сохранена
2026-02-10 08:57:11,979 - license_client - INFO - Проверка лицензии e47f49d7... на HWID CRAFT-B6DD50B6A9C5A349F55F
2026-02-10 08:57:12,095 - license_client - INFO - Лицензия сохранена
2026-02-10 08:57:12,104 - license_client - INFO - Лицензия действительна
2026-02-10 08:57:12,108 - license_client - INFO - Лицензия сохранена
2026-02-10 08:58:12,123 - license_client - INFO - Проверка лицензии e47f49d7... на HWID CRAFT-B6DD50B6A9C5A349F55F
2026-02-10 08:58:12,281 - license_client - INFO - Лицензия сохранена
2026-02-10 08:58:12,299 - license_client - INFO - Лицензия действительна
2026-02-10 08:58:12,303 - license_client - INFO - Лицензия сохранена
2026-02-10 08:59:12,321 - license_client - INFO - Проверка лицензии e47f49d7... на HWID CRAFT-B6DD50B6A9C5A349F55F
2026-02-10 08:59:12,455 - license_client - INFO - Лицензия сохранена
2026-02-10 08:59:12,464 - license_client - INFO - Лицензия действительна
2026-02-10 08:59:12,468 - license_client - INFO - Лицензия сохранена
2026-02-10 09:00:12,488 - license_client - INFO - Проверка лицензии e47f49d7... на HWID CRAFT-B6DD50B6A9C5A349F55F
2026-02-10 09:00:12,611 - license_client - INFO - Лицензия сохранена
2026-02-10 09:00:12,617 - license_client - INFO - Лицензия действительна
2026-02-10 09:00:12,622 - license_client - INFO - Лицензия сохранена
2026-02-10 09:01:12,634 - license_client - INFO - Проверка лицензии e47f49d7... на HWID CRAFT-B6DD50B6A9C5A349F55F
2026-02-10 09:01:12,753 - license_client - INFO - Лицензия сохранена
2026-02-10 09:01:12,764 - license_client - INFO - Лицензия действительна
2026-02-10 09:01:12,772 - license_client - INFO - Лицензия сохранена
2026-02-10 09:02:12,796 - license_client - INFO - Проверка лицензии e47f49d7... на HWID CRAFT-B6DD50B6A9C5A349F55F
2026-02-10 09:02:12,917 - license_client - INFO - Лицензия сохранена
2026-02-10 09:02:12,935 - license_client - INFO - Лицензия действительна
2026-02-10 09:02:12,939 - license_client - INFO - Лицензия сохранена
2026-02-10 09:03:12,957 - license_client - INFO - Проверка лицензии e47f49d7... на HWID CRAFT-B6DD50B6A9C5A349F55F
2026-02-10 09:03:13,117 - license_client - INFO - Лицензия сохранена
2026-02-10 09:03:13,121 - license_client - INFO - Лицензия действительна
2026-02-10 09:03:13,130 - license_client - INFO - Лицензия сохранена
2026-02-10 09:04:13,141 - license_client - INFO - Проверка лицензии e47f49d7... на HWID CRAFT-B6DD50B6A9C5A349F55F
2026-02-10 09:04:13,281 - license_client - INFO - Лицензия сохранена
2026-02-10 09:04:13,286 - license_client - INFO - Лицензия действительна
2026-02-10 09:04:13,293 - license_client - INFO - Лицензия сохранена
2026-02-10 09:05:13,307 - license_client - INFO - Проверка лицензии e47f49d7... на HWID CRAFT-B6DD50B6A9C5A349F55F
2026-02-10 09:05:13,416 - license_client - INFO - Лицензия сохранена
2026-02-10 09:05:13,435 - license_client - INFO - Лицензия действительна
2026-02-10 09:05:13,438 - license_client - INFO - Лицензия сохранена
2026-02-10 09:06:13,449 - license_client - INFO - Проверка лицензии e47f49d7... на HWID CRAFT-B6DD50B6A9C5A349F55F
2026-02-10 09:06:13,568 - license_client - INFO - Лицензия сохранена
2026-02-10 09:06:13,581 - license_client - INFO - Лицензия действительна
2026-02-10 09:06:13,587 - license_client - INFO - Лицензия сохранена
2026-02-10 09:07:13,606 - license_client - INFO - Проверка лицензии e47f49d7... на HWID CRAFT-B6DD50B6A9C5A349F55F
2026-02-10 09:07:13,754 - license_client - INFO - Лицензия сохранена
2026-02-10 09:07:13,766 - license_client - INFO - Лицензия действительна
2026-02-10 09:07:13,770 - license_client - INFO - Лицензия сохранена
2026-02-10 09:08:13,779 - license_client - INFO - Проверка лицензии e47f49d7... на HWID CRAFT-B6DD50B6A9C5A349F55F
2026-02-10 09:08:13,960 - license_client - INFO - Лицензия сохранена
2026-02-10 09:08:13,966 - license_client - INFO - Лицензия действительна
2026-02-10 09:08:13,972 - license_client - INFO - Лицензия сохранена
2026-02-10 09:11:06,131 - license_client - INFO - Загружен сохраненный HWID: CRAFT-B6DD50B6A9C5A349F55F
2026-02-10 09:11:06,179 - license_client - INFO - Инициализирован HWID: CRAFT-B6DD50B6A9C5A349F55F
2026-02-10 09:11:06,183 - license_client - INFO - Лицензия действительна до 2026-02-10 16:48:04.503768
2026-02-10 09:11:06,187 - license_client - INFO - Загружена лицензия: True
2026-02-10 09:11:06,191 - license_client - INFO - Проверка лицензии e47f49d7... на HWID CRAFT-B6DD50B6A9C5A349F55F
2026-02-10 09:11:06,297 - license_client - INFO - Лицензия сохранена
2026-02-10 09:11:06,311 - license_client - INFO - Лицензия действительна
2026-02-10 09:12:57,163 - license_client - INFO - Загружен сохраненный HWID: CRAFT-B6DD50B6A9C5A349F55F
2026-02-10 09:12:57,213 - license_client - INFO - Инициализирован HWID: CRAFT-B6DD50B6A9C5A349F55F
2026-02-10 09:12:57,216 - license_client - INFO - Лицензия действительна до 2026-02-10 16:48:04.503768
2026-02-10 09:12:57,221 - license_client - INFO - Загружена лицензия: True
2026-02-10 09:12:57,223 - license_client - INFO - Проверка лицензии e47f49d7... на HWID CRAFT-B6DD50B6A9C5A349F55F
2026-02-10 09:12:57,363 - license_client - INFO - Лицензия сохранена
2026-02-10 09:12:57,368 - license_client - INFO - Лицензия действительна
2026-02-10 09:14:39,176 - license_client - INFO - Загружен сохраненный HWID: CRAFT-B6DD50B6A9C5A349F55F
2026-02-10 09:14:39,230 - license_client - INFO - Инициализирован HWID: CRAFT-B6DD50B6A9C5A349F55F
2026-02-10 09:14:39,233 - license_client - INFO - Лицензия действительна до 2026-02-10 16:48:04.503768
2026-02-10 09:14:39,237 - license_client - INFO - Загружена лицензия: True
2026-02-10 09:14:39,240 - license_client - INFO - Проверка лицензии e47f49d7... на HWID CRAFT-B6DD50B6A9C5A349F55F
2026-02-10 09:14:39,356 - license_client - INFO - Лицензия сохранена
2026-02-10 09:14:39,370 - license_client - INFO - Лицензия действительна
2026-02-10 09:17:53,536 - license_client - INFO - Фоновая проверка остановлена
